[{"model": "contenttypes.contenttype", "pk": 1, "fields": {"app_label": "admin", "model": "logentry"}}, {"model": "contenttypes.contenttype", "pk": 2, "fields": {"app_label": "auth", "model": "permission"}}, {"model": "contenttypes.contenttype", "pk": 3, "fields": {"app_label": "auth", "model": "group"}}, {"model": "contenttypes.contenttype", "pk": 4, "fields": {"app_label": "contenttypes", "model": "contenttype"}}, {"model": "contenttypes.contenttype", "pk": 5, "fields": {"app_label": "sessions", "model": "session"}}, {"model": "contenttypes.contenttype", "pk": 6, "fields": {"app_label": "project", "model": "product"}}, {"model": "contenttypes.contenttype", "pk": 7, "fields": {"app_label": "project", "model": "project"}}, {"model": "contenttypes.contenttype", "pk": 8, "fields": {"app_label": "project", "model": "task"}}, {"model": "contenttypes.contenttype", "pk": 9, "fields": {"app_label": "project", "model": "vision"}}, {"model": "contenttypes.contenttype", "pk": 10, "fields": {"app_label": "project", "model": "progress"}}, {"model": "contenttypes.contenttype", "pk": 11, "fields": {"app_label": "project", "model": "department"}}, {"model": "contenttypes.contenttype", "pk": 12, "fields": {"app_label": "login", "model": "user"}}, {"model": "contenttypes.contenttype", "pk": 13, "fields": {"app_label": "project", "model": "version"}}, {"model": "sessions.session", "pk": "9glv1cbbjdj0k7r16r8rfoy3onx5ii6w", "fields": {"session_data": "OTYwZTdmOTJhYmE4ZWQ5YzFlOGZkOThjNjUyYjg0NDM3MTBlMGNlMzp7Il9hdXRoX3VzZXJfaWQiOiIxIiwiX2F1dGhfdXNlcl9iYWNrZW5kIjoiZGphbmdvLmNvbnRyaWIuYXV0aC5iYWNrZW5kcy5Nb2RlbEJhY2tlbmQiLCJfYXV0aF91c2VyX2hhc2giOiJiZDBjNTA4M2ZjODcwZDQ1ZTNhMmM4ZDc2OGY5ZDNlOWFhZWUxOTFiIn0=", "expire_date": "2020-08-31T17:06:02.690"}}, {"model": "sessions.session", "pk": "ess4hulyfickp0g5t4vyl1efd4tg371k", "fields": {"session_data": "OTYwZTdmOTJhYmE4ZWQ5YzFlOGZkOThjNjUyYjg0NDM3MTBlMGNlMzp7Il9hdXRoX3VzZXJfaWQiOiIxIiwiX2F1dGhfdXNlcl9iYWNrZW5kIjoiZGphbmdvLmNvbnRyaWIuYXV0aC5iYWNrZW5kcy5Nb2RlbEJhY2tlbmQiLCJfYXV0aF91c2VyX2hhc2giOiJiZDBjNTA4M2ZjODcwZDQ1ZTNhMmM4ZDc2OGY5ZDNlOWFhZWUxOTFiIn0=", "expire_date": "2020-08-19T22:26:14.955"}}, {"model": "sessions.session", "pk": "jtrslo5twh1u6iio1fyxl5mrl3hp7z6r", "fields": {"session_data": "OTYwZTdmOTJhYmE4ZWQ5YzFlOGZkOThjNjUyYjg0NDM3MTBlMGNlMzp7Il9hdXRoX3VzZXJfaWQiOiIxIiwiX2F1dGhfdXNlcl9iYWNrZW5kIjoiZGphbmdvLmNvbnRyaWIuYXV0aC5iYWNrZW5kcy5Nb2RlbEJhY2tlbmQiLCJfYXV0aF91c2VyX2hhc2giOiJiZDBjNTA4M2ZjODcwZDQ1ZTNhMmM4ZDc2OGY5ZDNlOWFhZWUxOTFiIn0=", "expire_date": "2020-08-11T23:49:02.747"}}, {"model": "sessions.session", "pk": "mpje7btssooo7tso3i6yi4lamuh8akri", "fields": {"session_data": "OTYwZTdmOTJhYmE4ZWQ5YzFlOGZkOThjNjUyYjg0NDM3MTBlMGNlMzp7Il9hdXRoX3VzZXJfaWQiOiIxIiwiX2F1dGhfdXNlcl9iYWNrZW5kIjoiZGphbmdvLmNvbnRyaWIuYXV0aC5iYWNrZW5kcy5Nb2RlbEJhY2tlbmQiLCJfYXV0aF91c2VyX2hhc2giOiJiZDBjNTA4M2ZjODcwZDQ1ZTNhMmM4ZDc2OGY5ZDNlOWFhZWUxOTFiIn0=", "expire_date": "2020-08-28T23:01:25.594"}}, {"model": "project.project", "pk": "S-000001", "fields": {"project_name": "\u65e5\u62a5\u7cfb\u7edf", "project_manager": "\u5f20\u4e09", "create_time": "2020-08-09T18:11:35.053"}}, {"model": "project.project", "pk": "S-002", "fields": {"project_name": "\u7985\u9053\u7cfb\u7edf", "project_manager": "\u5f20\u4e00", "create_time": "2020-08-09T18:15:58.700"}}, {"model": "project.project", "pk": "\u9879\u76ee102", "fields": {"project_name": "\u540d\u79f0102", "project_manager": "102", "create_time": "2020-08-09T18:16:43.702"}}, {"model": "project.project", "pk": "\u9879\u76ee\u7f16\u53f710", "fields": {"project_name": "\u9879\u76ee\u540d\u79f010", "project_manager": "\u9879\u76ee\u7ecf\u740610", "create_time": "2020-08-05T15:25:49.263"}}, {"model": "project.project", "pk": "\u9879\u76ee\u7f16\u53f7100", "fields": {"project_name": "\u9879\u76ee\u540d\u79f0100", "project_manager": "\u9879\u76ee\u7ecf\u7406100", "create_time": "2020-08-05T15:25:49.264"}}, {"model": "project.project", "pk": "\u9879\u76ee\u7f16\u53f711", "fields": {"project_name": "\u9879\u76ee\u540d\u79f011", "project_manager": "\u9879\u76ee\u7ecf\u740611", "create_time": "2020-08-05T15:25:49.263"}}, {"model": "project.project", "pk": "\u9879\u76ee\u7f16\u53f712", "fields": {"project_name": "\u9879\u76ee\u540d\u79f012", "project_manager": "\u9879\u76ee\u7ecf\u740612", "create_time": "2020-08-05T15:25:49.263"}}, {"model": "project.project", "pk": "\u9879\u76ee\u7f16\u53f713", "fields": {"project_name": "\u9879\u76ee\u540d\u79f013", "project_manager": "\u9879\u76ee\u7ecf\u740613", "create_time": "2020-08-05T15:25:49.263"}}, {"model": "project.project", "pk": "\u9879\u76ee\u7f16\u53f714", "fields": {"project_name": "\u9879\u76ee\u540d\u79f014", "project_manager": "\u9879\u76ee\u7ecf\u740614", "create_time": "2020-08-05T15:25:49.263"}}, {"model": "project.project", "pk": "\u9879\u76ee\u7f16\u53f715", "fields": {"project_name": "\u9879\u76ee\u540d\u79f015", "project_manager": "\u9879\u76ee\u7ecf\u740615", "create_time": "2020-08-05T15:25:49.263"}}, {"model": "project.project", "pk": "\u9879\u76ee\u7f16\u53f716", "fields": {"project_name": "\u9879\u76ee\u540d\u79f016", "project_manager": "\u9879\u76ee\u7ecf\u740616", "create_time": "2020-08-05T15:25:49.263"}}, {"model": "project.project", "pk": "\u9879\u76ee\u7f16\u53f717", "fields": {"project_name": "\u9879\u76ee\u540d\u79f017", "project_manager": "\u9879\u76ee\u7ecf\u740617", "create_time": "2020-08-05T15:25:49.263"}}, {"model": "project.project", "pk": "\u9879\u76ee\u7f16\u53f718", "fields": {"project_name": "\u9879\u76ee\u540d\u79f018", "project_manager": "\u9879\u76ee\u7ecf\u740618", "create_time": "2020-08-05T15:25:49.263"}}, {"model": "project.project", "pk": "\u9879\u76ee\u7f16\u53f719", "fields": {"project_name": "\u9879\u76ee\u540d\u79f019", "project_manager": "\u9879\u76ee\u7ecf\u740619", "create_time": "2020-08-05T15:25:49.263"}}, {"model": "project.project", "pk": "\u9879\u76ee\u7f16\u53f72", "fields": {"project_name": "\u9879\u76ee\u540d\u79f02", "project_manager": "\u9879\u76ee\u7ecf\u74062", "create_time": "2020-08-05T15:25:49.263"}}, {"model": "project.project", "pk": "\u9879\u76ee\u7f16\u53f720", "fields": {"project_name": "\u9879\u76ee\u540d\u79f020", "project_manager": "\u9879\u76ee\u7ecf\u740620", "create_time": "2020-08-05T15:25:49.263"}}, {"model": "project.project", "pk": "\u9879\u76ee\u7f16\u53f721", "fields": {"project_name": "\u9879\u76ee\u540d\u79f021", "project_manager": "\u9879\u76ee\u7ecf\u740621", "create_time": "2020-08-05T15:25:49.263"}}, {"model": "project.project", "pk": "\u9879\u76ee\u7f16\u53f722", "fields": {"project_name": "\u9879\u76ee\u540d\u79f022", "project_manager": "\u9879\u76ee\u7ecf\u740622", "create_time": "2020-08-05T15:25:49.263"}}, {"model": "project.project", "pk": "\u9879\u76ee\u7f16\u53f723", "fields": {"project_name": "\u9879\u76ee\u540d\u79f023", "project_manager": "\u9879\u76ee\u7ecf\u740623", "create_time": "2020-08-05T15:25:49.263"}}, {"model": "project.project", "pk": "\u9879\u76ee\u7f16\u53f724", "fields": {"project_name": "\u9879\u76ee\u540d\u79f024", "project_manager": "\u9879\u76ee\u7ecf\u740624", "create_time": "2020-08-05T15:25:49.263"}}, {"model": "project.project", "pk": "\u9879\u76ee\u7f16\u53f725", "fields": {"project_name": "\u9879\u76ee\u540d\u79f025", "project_manager": "\u9879\u76ee\u7ecf\u740625", "create_time": "2020-08-05T15:25:49.263"}}, {"model": "project.project", "pk": "\u9879\u76ee\u7f16\u53f726", "fields": {"project_name": "\u9879\u76ee\u540d\u79f026", "project_manager": "\u9879\u76ee\u7ecf\u740626", "create_time": "2020-08-05T15:25:49.264"}}, {"model": "project.project", "pk": "\u9879\u76ee\u7f16\u53f727", "fields": {"project_name": "\u9879\u76ee\u540d\u79f027", "project_manager": "\u9879\u76ee\u7ecf\u740627", "create_time": "2020-08-05T15:25:49.264"}}, {"model": "project.project", "pk": "\u9879\u76ee\u7f16\u53f728", "fields": {"project_name": "\u9879\u76ee\u540d\u79f028", "project_manager": "\u9879\u76ee\u7ecf\u740628", "create_time": "2020-08-05T15:25:49.264"}}, {"model": "project.project", "pk": "\u9879\u76ee\u7f16\u53f729", "fields": {"project_name": "\u9879\u76ee\u540d\u79f029", "project_manager": "\u9879\u76ee\u7ecf\u740629", "create_time": "2020-08-05T15:25:49.264"}}, {"model": "project.project", "pk": "\u9879\u76ee\u7f16\u53f73", "fields": {"project_name": "\u9879\u76ee\u540d\u79f03", "project_manager": "\u9879\u76ee\u7ecf\u74063", "create_time": "2020-08-05T15:25:49.263"}}, {"model": "project.project", "pk": "\u9879\u76ee\u7f16\u53f730", "fields": {"project_name": "\u9879\u76ee\u540d\u79f030", "project_manager": "\u9879\u76ee\u7ecf\u740630", "create_time": "2020-08-05T15:25:49.264"}}, {"model": "project.project", "pk": "\u9879\u76ee\u7f16\u53f731", "fields": {"project_name": "\u9879\u76ee\u540d\u79f031", "project_manager": "\u9879\u76ee\u7ecf\u740631", "create_time": "2020-08-05T15:25:49.264"}}, {"model": "project.project", "pk": "\u9879\u76ee\u7f16\u53f732", "fields": {"project_name": "\u9879\u76ee\u540d\u79f032", "project_manager": "\u9879\u76ee\u7ecf\u740632", "create_time": "2020-08-05T15:25:49.264"}}, {"model": "project.project", "pk": "\u9879\u76ee\u7f16\u53f733", "fields": {"project_name": "\u9879\u76ee\u540d\u79f033", "project_manager": "\u9879\u76ee\u7ecf\u740633", "create_time": "2020-08-05T15:25:49.264"}}, {"model": "project.project", "pk": "\u9879\u76ee\u7f16\u53f734", "fields": {"project_name": "\u9879\u76ee\u540d\u79f034", "project_manager": "\u9879\u76ee\u7ecf\u740634", "create_time": "2020-08-05T15:25:49.264"}}, {"model": "project.project", "pk": "\u9879\u76ee\u7f16\u53f735", "fields": {"project_name": "\u9879\u76ee\u540d\u79f035", "project_manager": "\u9879\u76ee\u7ecf\u740635", "create_time": "2020-08-05T15:25:49.264"}}, {"model": "project.project", "pk": "\u9879\u76ee\u7f16\u53f736", "fields": {"project_name": "\u9879\u76ee\u540d\u79f036", "project_manager": "\u9879\u76ee\u7ecf\u740636", "create_time": "2020-08-05T15:25:49.264"}}, {"model": "project.project", "pk": "\u9879\u76ee\u7f16\u53f737", "fields": {"project_name": "\u9879\u76ee\u540d\u79f037", "project_manager": "\u9879\u76ee\u7ecf\u740637", "create_time": "2020-08-05T15:25:49.264"}}, {"model": "project.project", "pk": "\u9879\u76ee\u7f16\u53f738", "fields": {"project_name": "\u9879\u76ee\u540d\u79f038", "project_manager": "\u9879\u76ee\u7ecf\u740638", "create_time": "2020-08-05T15:25:49.264"}}, {"model": "project.project", "pk": "\u9879\u76ee\u7f16\u53f739", "fields": {"project_name": "\u9879\u76ee\u540d\u79f039", "project_manager": "\u9879\u76ee\u7ecf\u740639", "create_time": "2020-08-05T15:25:49.264"}}, {"model": "project.project", "pk": "\u9879\u76ee\u7f16\u53f74", "fields": {"project_name": "\u9879\u76ee\u540d\u79f04", "project_manager": "\u9879\u76ee\u7ecf\u74064", "create_time": "2020-08-05T15:25:49.263"}}, {"model": "project.project", "pk": "\u9879\u76ee\u7f16\u53f740", "fields": {"project_name": "\u9879\u76ee\u540d\u79f040", "project_manager": "\u9879\u76ee\u7ecf\u740640", "create_time": "2020-08-05T15:25:49.264"}}, {"model": "project.project", "pk": "\u9879\u76ee\u7f16\u53f741", "fields": {"project_name": "\u9879\u76ee\u540d\u79f041", "project_manager": "\u9879\u76ee\u7ecf\u740641", "create_time": "2020-08-05T15:25:49.264"}}, {"model": "project.project", "pk": "\u9879\u76ee\u7f16\u53f742", "fields": {"project_name": "\u9879\u76ee\u540d\u79f042", "project_manager": "\u9879\u76ee\u7ecf\u740642", "create_time": "2020-08-05T15:25:49.264"}}, {"model": "project.project", "pk": "\u9879\u76ee\u7f16\u53f743", "fields": {"project_name": "\u9879\u76ee\u540d\u79f043", "project_manager": "\u9879\u76ee\u7ecf\u740643", "create_time": "2020-08-05T15:25:49.264"}}, {"model": "project.project", "pk": "\u9879\u76ee\u7f16\u53f744", "fields": {"project_name": "\u9879\u76ee\u540d\u79f044", "project_manager": "\u9879\u76ee\u7ecf\u740644", "create_time": "2020-08-05T15:25:49.264"}}, {"model": "project.project", "pk": "\u9879\u76ee\u7f16\u53f745", "fields": {"project_name": "\u9879\u76ee\u540d\u79f045", "project_manager": "\u9879\u76ee\u7ecf\u740645", "create_time": "2020-08-05T15:25:49.264"}}, {"model": "project.project", "pk": "\u9879\u76ee\u7f16\u53f746", "fields": {"project_name": "\u9879\u76ee\u540d\u79f046", "project_manager": "\u9879\u76ee\u7ecf\u740646", "create_time": "2020-08-05T15:25:49.264"}}, {"model": "project.project", "pk": "\u9879\u76ee\u7f16\u53f747", "fields": {"project_name": "\u9879\u76ee\u540d\u79f047", "project_manager": "\u9879\u76ee\u7ecf\u740647", "create_time": "2020-08-05T15:25:49.264"}}, {"model": "project.project", "pk": "\u9879\u76ee\u7f16\u53f748", "fields": {"project_name": "\u9879\u76ee\u540d\u79f048", "project_manager": "\u9879\u76ee\u7ecf\u740648", "create_time": "2020-08-05T15:25:49.264"}}, {"model": "project.project", "pk": "\u9879\u76ee\u7f16\u53f749", "fields": {"project_name": "\u9879\u76ee\u540d\u79f049", "project_manager": "\u9879\u76ee\u7ecf\u740649", "create_time": "2020-08-05T15:25:49.264"}}, {"model": "project.project", "pk": "\u9879\u76ee\u7f16\u53f75", "fields": {"project_name": "\u9879\u76ee\u540d\u79f05", "project_manager": "\u9879\u76ee\u7ecf\u74065", "create_time": "2020-08-05T15:25:49.263"}}, {"model": "project.project", "pk": "\u9879\u76ee\u7f16\u53f750", "fields": {"project_name": "\u9879\u76ee\u540d\u79f050", "project_manager": "\u9879\u76ee\u7ecf\u740650", "create_time": "2020-08-05T15:25:49.264"}}, {"model": "project.project", "pk": "\u9879\u76ee\u7f16\u53f751", "fields": {"project_name": "\u9879\u76ee\u540d\u79f051", "project_manager": "\u9879\u76ee\u7ecf\u740651", "create_time": "2020-08-05T15:25:49.264"}}, {"model": "project.project", "pk": "\u9879\u76ee\u7f16\u53f752", "fields": {"project_name": "\u9879\u76ee\u540d\u79f052", "project_manager": "\u9879\u76ee\u7ecf\u740652", "create_time": "2020-08-05T15:25:49.264"}}, {"model": "project.project", "pk": "\u9879\u76ee\u7f16\u53f753", "fields": {"project_name": "\u9879\u76ee\u540d\u79f053", "project_manager": "\u9879\u76ee\u7ecf\u740653", "create_time": "2020-08-05T15:25:49.264"}}, {"model": "project.project", "pk": "\u9879\u76ee\u7f16\u53f754", "fields": {"project_name": "\u9879\u76ee\u540d\u79f054", "project_manager": "\u9879\u76ee\u7ecf\u740654", "create_time": "2020-08-05T15:25:49.264"}}, {"model": "project.project", "pk": "\u9879\u76ee\u7f16\u53f755", "fields": {"project_name": "\u9879\u76ee\u540d\u79f055", "project_manager": "\u9879\u76ee\u7ecf\u740655", "create_time": "2020-08-05T15:25:49.264"}}, {"model": "project.project", "pk": "\u9879\u76ee\u7f16\u53f756", "fields": {"project_name": "\u9879\u76ee\u540d\u79f056", "project_manager": "\u9879\u76ee\u7ecf\u740656", "create_time": "2020-08-05T15:25:49.264"}}, {"model": "project.project", "pk": "\u9879\u76ee\u7f16\u53f757", "fields": {"project_name": "\u9879\u76ee\u540d\u79f057", "project_manager": "\u9879\u76ee\u7ecf\u740657", "create_time": "2020-08-05T15:25:49.264"}}, {"model": "project.project", "pk": "\u9879\u76ee\u7f16\u53f758", "fields": {"project_name": "\u9879\u76ee\u540d\u79f058", "project_manager": "\u9879\u76ee\u7ecf\u740658", "create_time": "2020-08-05T15:25:49.264"}}, {"model": "project.project", "pk": "\u9879\u76ee\u7f16\u53f759", "fields": {"project_name": "\u9879\u76ee\u540d\u79f059", "project_manager": "\u9879\u76ee\u7ecf\u740659", "create_time": "2020-08-05T15:25:49.264"}}, {"model": "project.project", "pk": "\u9879\u76ee\u7f16\u53f76", "fields": {"project_name": "\u9879\u76ee\u540d\u79f06", "project_manager": "\u9879\u76ee\u7ecf\u74066", "create_time": "2020-08-05T15:25:49.263"}}, {"model": "project.project", "pk": "\u9879\u76ee\u7f16\u53f760", "fields": {"project_name": "\u9879\u76ee\u540d\u79f060", "project_manager": "\u9879\u76ee\u7ecf\u740660", "create_time": "2020-08-05T15:25:49.264"}}, {"model": "project.project", "pk": "\u9879\u76ee\u7f16\u53f761", "fields": {"project_name": "\u9879\u76ee\u540d\u79f061", "project_manager": "\u9879\u76ee\u7ecf\u740661", "create_time": "2020-08-05T15:25:49.264"}}, {"model": "project.project", "pk": "\u9879\u76ee\u7f16\u53f762", "fields": {"project_name": "\u9879\u76ee\u540d\u79f062", "project_manager": "\u9879\u76ee\u7ecf\u740662", "create_time": "2020-08-05T15:25:49.264"}}, {"model": "project.project", "pk": "\u9879\u76ee\u7f16\u53f763", "fields": {"project_name": "\u9879\u76ee\u540d\u79f063", "project_manager": "\u9879\u76ee\u7ecf\u740663", "create_time": "2020-08-05T15:25:49.264"}}, {"model": "project.project", "pk": "\u9879\u76ee\u7f16\u53f764", "fields": {"project_name": "\u9879\u76ee\u540d\u79f064", "project_manager": "\u9879\u76ee\u7ecf\u740664", "create_time": "2020-08-05T15:25:49.264"}}, {"model": "project.project", "pk": "\u9879\u76ee\u7f16\u53f765", "fields": {"project_name": "\u9879\u76ee\u540d\u79f065", "project_manager": "\u9879\u76ee\u7ecf\u740665", "create_time": "2020-08-05T15:25:49.264"}}, {"model": "project.project", "pk": "\u9879\u76ee\u7f16\u53f766", "fields": {"project_name": "\u9879\u76ee\u540d\u79f066", "project_manager": "\u9879\u76ee\u7ecf\u740666", "create_time": "2020-08-05T15:25:49.264"}}, {"model": "project.project", "pk": "\u9879\u76ee\u7f16\u53f767", "fields": {"project_name": "\u9879\u76ee\u540d\u79f067", "project_manager": "\u9879\u76ee\u7ecf\u740667", "create_time": "2020-08-05T15:25:49.264"}}, {"model": "project.project", "pk": "\u9879\u76ee\u7f16\u53f768", "fields": {"project_name": "\u9879\u76ee\u540d\u79f068", "project_manager": "\u9879\u76ee\u7ecf\u740668", "create_time": "2020-08-05T15:25:49.264"}}, {"model": "project.project", "pk": "\u9879\u76ee\u7f16\u53f769", "fields": {"project_name": "\u9879\u76ee\u540d\u79f069", "project_manager": "\u9879\u76ee\u7ecf\u740669", "create_time": "2020-08-05T15:25:49.264"}}, {"model": "project.project", "pk": "\u9879\u76ee\u7f16\u53f77", "fields": {"project_name": "\u9879\u76ee\u540d\u79f07", "project_manager": "\u9879\u76ee\u7ecf\u74067", "create_time": "2020-08-05T15:25:49.263"}}, {"model": "project.project", "pk": "\u9879\u76ee\u7f16\u53f770", "fields": {"project_name": "\u9879\u76ee\u540d\u79f070", "project_manager": "\u9879\u76ee\u7ecf\u740670", "create_time": "2020-08-05T15:25:49.264"}}, {"model": "project.project", "pk": "\u9879\u76ee\u7f16\u53f771", "fields": {"project_name": "\u9879\u76ee\u540d\u79f071", "project_manager": "\u9879\u76ee\u7ecf\u740671", "create_time": "2020-08-05T15:25:49.264"}}, {"model": "project.project", "pk": "\u9879\u76ee\u7f16\u53f772", "fields": {"project_name": "\u9879\u76ee\u540d\u79f072", "project_manager": "\u9879\u76ee\u7ecf\u740672", "create_time": "2020-08-05T15:25:49.264"}}, {"model": "project.project", "pk": "\u9879\u76ee\u7f16\u53f773", "fields": {"project_name": "\u9879\u76ee\u540d\u79f073", "project_manager": "\u9879\u76ee\u7ecf\u740673", "create_time": "2020-08-05T15:25:49.264"}}, {"model": "project.project", "pk": "\u9879\u76ee\u7f16\u53f774", "fields": {"project_name": "\u9879\u76ee\u540d\u79f074", "project_manager": "\u9879\u76ee\u7ecf\u740674", "create_time": "2020-08-05T15:25:49.264"}}, {"model": "project.project", "pk": "\u9879\u76ee\u7f16\u53f775", "fields": {"project_name": "\u9879\u76ee\u540d\u79f075", "project_manager": "\u9879\u76ee\u7ecf\u740675", "create_time": "2020-08-05T15:25:49.264"}}, {"model": "project.project", "pk": "\u9879\u76ee\u7f16\u53f776", "fields": {"project_name": "\u9879\u76ee\u540d\u79f076", "project_manager": "\u9879\u76ee\u7ecf\u740676", "create_time": "2020-08-05T15:25:49.264"}}, {"model": "project.project", "pk": "\u9879\u76ee\u7f16\u53f777", "fields": {"project_name": "\u9879\u76ee\u540d\u79f077", "project_manager": "\u9879\u76ee\u7ecf\u740677", "create_time": "2020-08-05T15:25:49.264"}}, {"model": "project.project", "pk": "\u9879\u76ee\u7f16\u53f778", "fields": {"project_name": "\u9879\u76ee\u540d\u79f078", "project_manager": "\u9879\u76ee\u7ecf\u740678", "create_time": "2020-08-05T15:25:49.264"}}, {"model": "project.project", "pk": "\u9879\u76ee\u7f16\u53f779", "fields": {"project_name": "\u9879\u76ee\u540d\u79f079", "project_manager": "\u9879\u76ee\u7ecf\u740679", "create_time": "2020-08-05T15:25:49.264"}}, {"model": "project.project", "pk": "\u9879\u76ee\u7f16\u53f78", "fields": {"project_name": "\u9879\u76ee\u540d\u79f08", "project_manager": "\u9879\u76ee\u7ecf\u74068", "create_time": "2020-08-05T15:25:49.263"}}, {"model": "project.project", "pk": "\u9879\u76ee\u7f16\u53f780", "fields": {"project_name": "\u9879\u76ee\u540d\u79f080", "project_manager": "\u9879\u76ee\u7ecf\u740680", "create_time": "2020-08-05T15:25:49.264"}}, {"model": "project.project", "pk": "\u9879\u76ee\u7f16\u53f781", "fields": {"project_name": "\u9879\u76ee\u540d\u79f081", "project_manager": "\u9879\u76ee\u7ecf\u740681", "create_time": "2020-08-05T15:25:49.264"}}, {"model": "project.project", "pk": "\u9879\u76ee\u7f16\u53f782", "fields": {"project_name": "\u9879\u76ee\u540d\u79f082", "project_manager": "\u9879\u76ee\u7ecf\u740682", "create_time": "2020-08-05T15:25:49.264"}}, {"model": "project.project", "pk": "\u9879\u76ee\u7f16\u53f783", "fields": {"project_name": "\u9879\u76ee\u540d\u79f083", "project_manager": "\u9879\u76ee\u7ecf\u740683", "create_time": "2020-08-05T15:25:49.264"}}, {"model": "project.project", "pk": "\u9879\u76ee\u7f16\u53f784", "fields": {"project_name": "\u9879\u76ee\u540d\u79f084", "project_manager": "\u9879\u76ee\u7ecf\u740684", "create_time": "2020-08-05T15:25:49.264"}}, {"model": "project.project", "pk": "\u9879\u76ee\u7f16\u53f785", "fields": {"project_name": "\u9879\u76ee\u540d\u79f085", "project_manager": "\u9879\u76ee\u7ecf\u740685", "create_time": "2020-08-05T15:25:49.264"}}, {"model": "project.project", "pk": "\u9879\u76ee\u7f16\u53f786", "fields": {"project_name": "\u9879\u76ee\u540d\u79f086", "project_manager": "\u9879\u76ee\u7ecf\u740686", "create_time": "2020-08-05T15:25:49.264"}}, {"model": "project.project", "pk": "\u9879\u76ee\u7f16\u53f787", "fields": {"project_name": "\u9879\u76ee\u540d\u79f087", "project_manager": "\u9879\u76ee\u7ecf\u740687", "create_time": "2020-08-05T15:25:49.264"}}, {"model": "project.project", "pk": "\u9879\u76ee\u7f16\u53f788", "fields": {"project_name": "\u9879\u76ee\u540d\u79f088", "project_manager": "\u9879\u76ee\u7ecf\u740688", "create_time": "2020-08-05T15:25:49.264"}}, {"model": "project.project", "pk": "\u9879\u76ee\u7f16\u53f789", "fields": {"project_name": "\u9879\u76ee\u540d\u79f089", "project_manager": "\u9879\u76ee\u7ecf\u740689", "create_time": "2020-08-05T15:25:49.264"}}, {"model": "project.project", "pk": "\u9879\u76ee\u7f16\u53f79", "fields": {"project_name": "\u9879\u76ee\u540d\u79f09", "project_manager": "\u9879\u76ee\u7ecf\u74069", "create_time": "2020-08-05T15:25:49.263"}}, {"model": "project.project", "pk": "\u9879\u76ee\u7f16\u53f790", "fields": {"project_name": "\u9879\u76ee\u540d\u79f090", "project_manager": "\u9879\u76ee\u7ecf\u740690", "create_time": "2020-08-05T15:25:49.264"}}, {"model": "project.project", "pk": "\u9879\u76ee\u7f16\u53f791", "fields": {"project_name": "\u9879\u76ee\u540d\u79f091", "project_manager": "\u9879\u76ee\u7ecf\u740691", "create_time": "2020-08-05T15:25:49.264"}}, {"model": "project.project", "pk": "\u9879\u76ee\u7f16\u53f792", "fields": {"project_name": "\u9879\u76ee\u540d\u79f092", "project_manager": "\u9879\u76ee\u7ecf\u740692", "create_time": "2020-08-05T15:25:49.264"}}, {"model": "project.project", "pk": "\u9879\u76ee\u7f16\u53f793", "fields": {"project_name": "\u9879\u76ee\u540d\u79f093", "project_manager": "\u9879\u76ee\u7ecf\u740693", "create_time": "2020-08-05T15:25:49.264"}}, {"model": "project.project", "pk": "\u9879\u76ee\u7f16\u53f794", "fields": {"project_name": "\u9879\u76ee\u540d\u79f094", "project_manager": "\u9879\u76ee\u7ecf\u740694", "create_time": "2020-08-05T15:25:49.264"}}, {"model": "project.project", "pk": "\u9879\u76ee\u7f16\u53f795", "fields": {"project_name": "\u9879\u76ee\u540d\u79f095", "project_manager": "\u9879\u76ee\u7ecf\u740695", "create_time": "2020-08-05T15:25:49.264"}}, {"model": "project.project", "pk": "\u9879\u76ee\u7f16\u53f796", "fields": {"project_name": "\u9879\u76ee\u540d\u79f096", "project_manager": "\u9879\u76ee\u7ecf\u740696", "create_time": "2020-08-05T15:25:49.264"}}, {"model": "project.project", "pk": "\u9879\u76ee\u7f16\u53f797", "fields": {"project_name": "\u9879\u76ee\u540d\u79f097", "project_manager": "\u9879\u76ee\u7ecf\u740697", "create_time": "2020-08-05T15:25:49.264"}}, {"model": "project.project", "pk": "\u9879\u76ee\u7f16\u53f798", "fields": {"project_name": "\u9879\u76ee\u540d\u79f098", "project_manager": "\u9879\u76ee\u7ecf\u740698", "create_time": "2020-08-05T15:25:49.264"}}, {"model": "project.project", "pk": "\u9879\u76ee\u7f16\u53f799", "fields": {"project_name": "\u9879\u76ee\u540d\u79f099", "project_manager": "\u9879\u76ee\u7ecf\u740699", "create_time": "2020-08-05T15:25:49.264"}}, {"model": "project.department", "pk": "\u516c\u5b89\u4e8b\u4e1a\u90e8", "fields": {"projects": ["S-000001"]}}, {"model": "project.department", "pk": "\u653f\u4f01\u4e8b\u4e1a\u90e8", "fields": {"projects": ["\u9879\u76ee\u7f16\u53f711"]}}, {"model": "project.department", "pk": "\u6d77\u5916\u4e8b\u4e1a\u90e8", "fields": {"projects": ["\u9879\u76ee102", "\u9879\u76ee\u7f16\u53f710", "\u9879\u76ee\u7f16\u53f7100"]}}, {"model": "project.department", "pk": "\u7814\u53d1\u4e2d\u5fc3", "fields": {"projects": ["S-002"]}}, {"model": "project.product", "pk": "S-002-CP", "fields": {"projects": "S-002", "product_name": "2", "product_type": "\u7cfb\u7edf", "create_time": "2020-08-09T18:20:42.126"}}, {"model": "project.product", "pk": "\u4ea7\u54c1\u578b\u53f710", "fields": {"projects": "\u9879\u76ee\u7f16\u53f710", "product_name": "\u4ea7\u54c1\u540d\u79f010", "product_type": "\u4ea7\u54c1\u7c7b\u578b10", "create_time": "2020-08-05T15:27:45.834"}}, {"model": "project.product", "pk": "\u4ea7\u54c1\u578b\u53f7100", "fields": {"projects": "\u9879\u76ee\u7f16\u53f7100", "product_name": "\u4ea7\u54c1\u540d\u79f0100", "product_type": "\u4ea7\u54c1\u7c7b\u578b100", "create_time": "2020-08-05T15:27:45.836"}}, {"model": "project.product", "pk": "\u4ea7\u54c1\u578b\u53f711", "fields": {"projects": "\u9879\u76ee\u7f16\u53f711", "product_name": "\u4ea7\u54c1\u540d\u79f011", "product_type": "\u4ea7\u54c1\u7c7b\u578b11", "create_time": "2020-08-05T15:27:45.834"}}, {"model": "project.product", "pk": "\u4ea7\u54c1\u578b\u53f712", "fields": {"projects": "\u9879\u76ee\u7f16\u53f712", "product_name": "\u4ea7\u54c1\u540d\u79f012", "product_type": "\u4ea7\u54c1\u7c7b\u578b12", "create_time": "2020-08-05T15:27:45.834"}}, {"model": "project.product", "pk": "\u4ea7\u54c1\u578b\u53f713", "fields": {"projects": "\u9879\u76ee\u7f16\u53f713", "product_name": "\u4ea7\u54c1\u540d\u79f013", "product_type": "\u4ea7\u54c1\u7c7b\u578b13", "create_time": "2020-08-05T15:27:45.834"}}, {"model": "project.product", "pk": "\u4ea7\u54c1\u578b\u53f714", "fields": {"projects": "\u9879\u76ee\u7f16\u53f714", "product_name": "\u4ea7\u54c1\u540d\u79f014", "product_type": "\u4ea7\u54c1\u7c7b\u578b14", "create_time": "2020-08-05T15:27:45.834"}}, {"model": "project.product", "pk": "\u4ea7\u54c1\u578b\u53f715", "fields": {"projects": "\u9879\u76ee\u7f16\u53f715", "product_name": "\u4ea7\u54c1\u540d\u79f015", "product_type": "\u4ea7\u54c1\u7c7b\u578b15", "create_time": "2020-08-05T15:27:45.834"}}, {"model": "project.product", "pk": "\u4ea7\u54c1\u578b\u53f716", "fields": {"projects": "\u9879\u76ee\u7f16\u53f716", "product_name": "\u4ea7\u54c1\u540d\u79f016", "product_type": "\u4ea7\u54c1\u7c7b\u578b16", "create_time": "2020-08-05T15:27:45.834"}}, {"model": "project.product", "pk": "\u4ea7\u54c1\u578b\u53f717", "fields": {"projects": "\u9879\u76ee\u7f16\u53f717", "product_name": "\u4ea7\u54c1\u540d\u79f017", "product_type": "\u4ea7\u54c1\u7c7b\u578b17", "create_time": "2020-08-05T15:27:45.834"}}, {"model": "project.product", "pk": "\u4ea7\u54c1\u578b\u53f718", "fields": {"projects": "\u9879\u76ee\u7f16\u53f718", "product_name": "\u4ea7\u54c1\u540d\u79f018", "product_type": "\u4ea7\u54c1\u7c7b\u578b18", "create_time": "2020-08-05T15:27:45.834"}}, {"model": "project.product", "pk": "\u4ea7\u54c1\u578b\u53f719", "fields": {"projects": "\u9879\u76ee\u7f16\u53f719", "product_name": "\u4ea7\u54c1\u540d\u79f019", "product_type": "\u4ea7\u54c1\u7c7b\u578b19", "create_time": "2020-08-05T15:27:45.834"}}, {"model": "project.product", "pk": "\u4ea7\u54c1\u578b\u53f72", "fields": {"projects": "\u9879\u76ee\u7f16\u53f72", "product_name": "\u4ea7\u54c1\u540d\u79f02", "product_type": "\u4ea7\u54c1\u7c7b\u578b2", "create_time": "2020-08-05T15:27:45.834"}}, {"model": "project.product", "pk": "\u4ea7\u54c1\u578b\u53f720", "fields": {"projects": "\u9879\u76ee\u7f16\u53f720", "product_name": "\u4ea7\u54c1\u540d\u79f020", "product_type": "\u4ea7\u54c1\u7c7b\u578b20", "create_time": "2020-08-05T15:27:45.834"}}, {"model": "project.product", "pk": "\u4ea7\u54c1\u578b\u53f721", "fields": {"projects": "\u9879\u76ee\u7f16\u53f721", "product_name": "\u4ea7\u54c1\u540d\u79f021", "product_type": "\u4ea7\u54c1\u7c7b\u578b21", "create_time": "2020-08-05T15:27:45.834"}}, {"model": "project.product", "pk": "\u4ea7\u54c1\u578b\u53f722", "fields": {"projects": "\u9879\u76ee\u7f16\u53f722", "product_name": "\u4ea7\u54c1\u540d\u79f022", "product_type": "\u4ea7\u54c1\u7c7b\u578b22", "create_time": "2020-08-05T15:27:45.834"}}, {"model": "project.product", "pk": "\u4ea7\u54c1\u578b\u53f723", "fields": {"projects": "\u9879\u76ee\u7f16\u53f723", "product_name": "\u4ea7\u54c1\u540d\u79f023", "product_type": "\u4ea7\u54c1\u7c7b\u578b23", "create_time": "2020-08-05T15:27:45.834"}}, {"model": "project.product", "pk": "\u4ea7\u54c1\u578b\u53f724", "fields": {"projects": "\u9879\u76ee\u7f16\u53f724", "product_name": "\u4ea7\u54c1\u540d\u79f024", "product_type": "\u4ea7\u54c1\u7c7b\u578b24", "create_time": "2020-08-05T15:27:45.834"}}, {"model": "project.product", "pk": "\u4ea7\u54c1\u578b\u53f725", "fields": {"projects": "\u9879\u76ee\u7f16\u53f725", "product_name": "\u4ea7\u54c1\u540d\u79f025", "product_type": "\u4ea7\u54c1\u7c7b\u578b25", "create_time": "2020-08-05T15:27:45.834"}}, {"model": "project.product", "pk": "\u4ea7\u54c1\u578b\u53f726", "fields": {"projects": "\u9879\u76ee\u7f16\u53f726", "product_name": "\u4ea7\u54c1\u540d\u79f026", "product_type": "\u4ea7\u54c1\u7c7b\u578b26", "create_time": "2020-08-05T15:27:45.834"}}, {"model": "project.product", "pk": "\u4ea7\u54c1\u578b\u53f727", "fields": {"projects": "\u9879\u76ee\u7f16\u53f727", "product_name": "\u4ea7\u54c1\u540d\u79f027", "product_type": "\u4ea7\u54c1\u7c7b\u578b27", "create_time": "2020-08-05T15:27:45.834"}}, {"model": "project.product", "pk": "\u4ea7\u54c1\u578b\u53f728", "fields": {"projects": "\u9879\u76ee\u7f16\u53f728", "product_name": "\u4ea7\u54c1\u540d\u79f028", "product_type": "\u4ea7\u54c1\u7c7b\u578b28", "create_time": "2020-08-05T15:27:45.834"}}, {"model": "project.product", "pk": "\u4ea7\u54c1\u578b\u53f729", "fields": {"projects": "\u9879\u76ee\u7f16\u53f729", "product_name": "\u4ea7\u54c1\u540d\u79f029", "product_type": "\u4ea7\u54c1\u7c7b\u578b29", "create_time": "2020-08-05T15:27:45.835"}}, {"model": "project.product", "pk": "\u4ea7\u54c1\u578b\u53f73", "fields": {"projects": "\u9879\u76ee\u7f16\u53f73", "product_name": "\u4ea7\u54c1\u540d\u79f03", "product_type": "\u4ea7\u54c1\u7c7b\u578b3", "create_time": "2020-08-05T15:27:45.834"}}, {"model": "project.product", "pk": "\u4ea7\u54c1\u578b\u53f730", "fields": {"projects": "\u9879\u76ee\u7f16\u53f730", "product_name": "\u4ea7\u54c1\u540d\u79f030", "product_type": "\u4ea7\u54c1\u7c7b\u578b30", "create_time": "2020-08-05T15:27:45.835"}}, {"model": "project.product", "pk": "\u4ea7\u54c1\u578b\u53f731", "fields": {"projects": "\u9879\u76ee\u7f16\u53f731", "product_name": "\u4ea7\u54c1\u540d\u79f031", "product_type": "\u4ea7\u54c1\u7c7b\u578b31", "create_time": "2020-08-05T15:27:45.835"}}, {"model": "project.product", "pk": "\u4ea7\u54c1\u578b\u53f732", "fields": {"projects": "\u9879\u76ee\u7f16\u53f732", "product_name": "\u4ea7\u54c1\u540d\u79f032", "product_type": "\u4ea7\u54c1\u7c7b\u578b32", "create_time": "2020-08-05T15:27:45.835"}}, {"model": "project.product", "pk": "\u4ea7\u54c1\u578b\u53f733", "fields": {"projects": "\u9879\u76ee\u7f16\u53f733", "product_name": "\u4ea7\u54c1\u540d\u79f033", "product_type": "\u4ea7\u54c1\u7c7b\u578b33", "create_time": "2020-08-05T15:27:45.835"}}, {"model": "project.product", "pk": "\u4ea7\u54c1\u578b\u53f734", "fields": {"projects": "\u9879\u76ee\u7f16\u53f734", "product_name": "\u4ea7\u54c1\u540d\u79f034", "product_type": "\u4ea7\u54c1\u7c7b\u578b34", "create_time": "2020-08-05T15:27:45.835"}}, {"model": "project.product", "pk": "\u4ea7\u54c1\u578b\u53f735", "fields": {"projects": "\u9879\u76ee\u7f16\u53f735", "product_name": "\u4ea7\u54c1\u540d\u79f035", "product_type": "\u4ea7\u54c1\u7c7b\u578b35", "create_time": "2020-08-05T15:27:45.835"}}, {"model": "project.product", "pk": "\u4ea7\u54c1\u578b\u53f736", "fields": {"projects": "\u9879\u76ee\u7f16\u53f736", "product_name": "\u4ea7\u54c1\u540d\u79f036", "product_type": "\u4ea7\u54c1\u7c7b\u578b36", "create_time": "2020-08-05T15:27:45.835"}}, {"model": "project.product", "pk": "\u4ea7\u54c1\u578b\u53f737", "fields": {"projects": "\u9879\u76ee\u7f16\u53f737", "product_name": "\u4ea7\u54c1\u540d\u79f037", "product_type": "\u4ea7\u54c1\u7c7b\u578b37", "create_time": "2020-08-05T15:27:45.835"}}, {"model": "project.product", "pk": "\u4ea7\u54c1\u578b\u53f738", "fields": {"projects": "\u9879\u76ee\u7f16\u53f738", "product_name": "\u4ea7\u54c1\u540d\u79f038", "product_type": "\u4ea7\u54c1\u7c7b\u578b38", "create_time": "2020-08-05T15:27:45.835"}}, {"model": "project.product", "pk": "\u4ea7\u54c1\u578b\u53f739", "fields": {"projects": "\u9879\u76ee\u7f16\u53f739", "product_name": "\u4ea7\u54c1\u540d\u79f039", "product_type": "\u4ea7\u54c1\u7c7b\u578b39", "create_time": "2020-08-05T15:27:45.835"}}, {"model": "project.product", "pk": "\u4ea7\u54c1\u578b\u53f74", "fields": {"projects": "\u9879\u76ee\u7f16\u53f74", "product_name": "\u4ea7\u54c1\u540d\u79f04", "product_type": "\u4ea7\u54c1\u7c7b\u578b4", "create_time": "2020-08-05T15:27:45.834"}}, {"model": "project.product", "pk": "\u4ea7\u54c1\u578b\u53f740", "fields": {"projects": "\u9879\u76ee\u7f16\u53f740", "product_name": "\u4ea7\u54c1\u540d\u79f040", "product_type": "\u4ea7\u54c1\u7c7b\u578b40", "create_time": "2020-08-05T15:27:45.835"}}, {"model": "project.product", "pk": "\u4ea7\u54c1\u578b\u53f741", "fields": {"projects": "\u9879\u76ee\u7f16\u53f741", "product_name": "\u4ea7\u54c1\u540d\u79f041", "product_type": "\u4ea7\u54c1\u7c7b\u578b41", "create_time": "2020-08-05T15:27:45.835"}}, {"model": "project.product", "pk": "\u4ea7\u54c1\u578b\u53f742", "fields": {"projects": "\u9879\u76ee\u7f16\u53f742", "product_name": "\u4ea7\u54c1\u540d\u79f042", "product_type": "\u4ea7\u54c1\u7c7b\u578b42", "create_time": "2020-08-05T15:27:45.835"}}, {"model": "project.product", "pk": "\u4ea7\u54c1\u578b\u53f743", "fields": {"projects": "\u9879\u76ee\u7f16\u53f743", "product_name": "\u4ea7\u54c1\u540d\u79f043", "product_type": "\u4ea7\u54c1\u7c7b\u578b43", "create_time": "2020-08-05T15:27:45.835"}}, {"model": "project.product", "pk": "\u4ea7\u54c1\u578b\u53f744", "fields": {"projects": "\u9879\u76ee\u7f16\u53f744", "product_name": "\u4ea7\u54c1\u540d\u79f044", "product_type": "\u4ea7\u54c1\u7c7b\u578b44", "create_time": "2020-08-05T15:27:45.835"}}, {"model": "project.product", "pk": "\u4ea7\u54c1\u578b\u53f745", "fields": {"projects": "\u9879\u76ee\u7f16\u53f745", "product_name": "\u4ea7\u54c1\u540d\u79f045", "product_type": "\u4ea7\u54c1\u7c7b\u578b45", "create_time": "2020-08-05T15:27:45.835"}}, {"model": "project.product", "pk": "\u4ea7\u54c1\u578b\u53f746", "fields": {"projects": "\u9879\u76ee\u7f16\u53f746", "product_name": "\u4ea7\u54c1\u540d\u79f046", "product_type": "\u4ea7\u54c1\u7c7b\u578b46", "create_time": "2020-08-05T15:27:45.835"}}, {"model": "project.product", "pk": "\u4ea7\u54c1\u578b\u53f747", "fields": {"projects": "\u9879\u76ee\u7f16\u53f747", "product_name": "\u4ea7\u54c1\u540d\u79f047", "product_type": "\u4ea7\u54c1\u7c7b\u578b47", "create_time": "2020-08-05T15:27:45.835"}}, {"model": "project.product", "pk": "\u4ea7\u54c1\u578b\u53f748", "fields": {"projects": "\u9879\u76ee\u7f16\u53f748", "product_name": "\u4ea7\u54c1\u540d\u79f048", "product_type": "\u4ea7\u54c1\u7c7b\u578b48", "create_time": "2020-08-05T15:27:45.835"}}, {"model": "project.product", "pk": "\u4ea7\u54c1\u578b\u53f749", "fields": {"projects": "\u9879\u76ee\u7f16\u53f749", "product_name": "\u4ea7\u54c1\u540d\u79f049", "product_type": "\u4ea7\u54c1\u7c7b\u578b49", "create_time": "2020-08-05T15:27:45.835"}}, {"model": "project.product", "pk": "\u4ea7\u54c1\u578b\u53f75", "fields": {"projects": "\u9879\u76ee\u7f16\u53f75", "product_name": "\u4ea7\u54c1\u540d\u79f05", "product_type": "\u4ea7\u54c1\u7c7b\u578b5", "create_time": "2020-08-05T15:27:45.834"}}, {"model": "project.product", "pk": "\u4ea7\u54c1\u578b\u53f750", "fields": {"projects": "\u9879\u76ee\u7f16\u53f750", "product_name": "\u4ea7\u54c1\u540d\u79f050", "product_type": "\u4ea7\u54c1\u7c7b\u578b50", "create_time": "2020-08-05T15:27:45.835"}}, {"model": "project.product", "pk": "\u4ea7\u54c1\u578b\u53f751", "fields": {"projects": "\u9879\u76ee\u7f16\u53f751", "product_name": "\u4ea7\u54c1\u540d\u79f051", "product_type": "\u4ea7\u54c1\u7c7b\u578b51", "create_time": "2020-08-05T15:27:45.835"}}, {"model": "project.product", "pk": "\u4ea7\u54c1\u578b\u53f752", "fields": {"projects": "\u9879\u76ee\u7f16\u53f752", "product_name": "\u4ea7\u54c1\u540d\u79f052", "product_type": "\u4ea7\u54c1\u7c7b\u578b52", "create_time": "2020-08-05T15:27:45.835"}}, {"model": "project.product", "pk": "\u4ea7\u54c1\u578b\u53f753", "fields": {"projects": "\u9879\u76ee\u7f16\u53f753", "product_name": "\u4ea7\u54c1\u540d\u79f053", "product_type": "\u4ea7\u54c1\u7c7b\u578b53", "create_time": "2020-08-05T15:27:45.835"}}, {"model": "project.product", "pk": "\u4ea7\u54c1\u578b\u53f754", "fields": {"projects": "\u9879\u76ee\u7f16\u53f754", "product_name": "\u4ea7\u54c1\u540d\u79f054", "product_type": "\u4ea7\u54c1\u7c7b\u578b54", "create_time": "2020-08-05T15:27:45.835"}}, {"model": "project.product", "pk": "\u4ea7\u54c1\u578b\u53f755", "fields": {"projects": "\u9879\u76ee\u7f16\u53f755", "product_name": "\u4ea7\u54c1\u540d\u79f055", "product_type": "\u4ea7\u54c1\u7c7b\u578b55", "create_time": "2020-08-05T15:27:45.835"}}, {"model": "project.product", "pk": "\u4ea7\u54c1\u578b\u53f756", "fields": {"projects": "\u9879\u76ee\u7f16\u53f756", "product_name": "\u4ea7\u54c1\u540d\u79f056", "product_type": "\u4ea7\u54c1\u7c7b\u578b56", "create_time": "2020-08-05T15:27:45.835"}}, {"model": "project.product", "pk": "\u4ea7\u54c1\u578b\u53f757", "fields": {"projects": "\u9879\u76ee\u7f16\u53f757", "product_name": "\u4ea7\u54c1\u540d\u79f057", "product_type": "\u4ea7\u54c1\u7c7b\u578b57", "create_time": "2020-08-05T15:27:45.835"}}, {"model": "project.product", "pk": "\u4ea7\u54c1\u578b\u53f758", "fields": {"projects": "\u9879\u76ee\u7f16\u53f758", "product_name": "\u4ea7\u54c1\u540d\u79f058", "product_type": "\u4ea7\u54c1\u7c7b\u578b58", "create_time": "2020-08-05T15:27:45.835"}}, {"model": "project.product", "pk": "\u4ea7\u54c1\u578b\u53f759", "fields": {"projects": "\u9879\u76ee\u7f16\u53f759", "product_name": "\u4ea7\u54c1\u540d\u79f059", "product_type": "\u4ea7\u54c1\u7c7b\u578b59", "create_time": "2020-08-05T15:27:45.835"}}, {"model": "project.product", "pk": "\u4ea7\u54c1\u578b\u53f76", "fields": {"projects": "\u9879\u76ee\u7f16\u53f76", "product_name": "\u4ea7\u54c1\u540d\u79f06", "product_type": "\u4ea7\u54c1\u7c7b\u578b6", "create_time": "2020-08-05T15:27:45.834"}}, {"model": "project.product", "pk": "\u4ea7\u54c1\u578b\u53f760", "fields": {"projects": "\u9879\u76ee\u7f16\u53f760", "product_name": "\u4ea7\u54c1\u540d\u79f060", "product_type": "\u4ea7\u54c1\u7c7b\u578b60", "create_time": "2020-08-05T15:27:45.835"}}, {"model": "project.product", "pk": "\u4ea7\u54c1\u578b\u53f761", "fields": {"projects": "\u9879\u76ee\u7f16\u53f761", "product_name": "\u4ea7\u54c1\u540d\u79f061", "product_type": "\u4ea7\u54c1\u7c7b\u578b61", "create_time": "2020-08-05T15:27:45.835"}}, {"model": "project.product", "pk": "\u4ea7\u54c1\u578b\u53f762", "fields": {"projects": "\u9879\u76ee\u7f16\u53f762", "product_name": "\u4ea7\u54c1\u540d\u79f062", "product_type": "\u4ea7\u54c1\u7c7b\u578b62", "create_time": "2020-08-05T15:27:45.835"}}, {"model": "project.product", "pk": "\u4ea7\u54c1\u578b\u53f763", "fields": {"projects": "\u9879\u76ee\u7f16\u53f763", "product_name": "\u4ea7\u54c1\u540d\u79f063", "product_type": "\u4ea7\u54c1\u7c7b\u578b63", "create_time": "2020-08-05T15:27:45.835"}}, {"model": "project.product", "pk": "\u4ea7\u54c1\u578b\u53f764", "fields": {"projects": "\u9879\u76ee\u7f16\u53f764", "product_name": "\u4ea7\u54c1\u540d\u79f064", "product_type": "\u4ea7\u54c1\u7c7b\u578b64", "create_time": "2020-08-05T15:27:45.835"}}, {"model": "project.product", "pk": "\u4ea7\u54c1\u578b\u53f765", "fields": {"projects": "\u9879\u76ee\u7f16\u53f765", "product_name": "\u4ea7\u54c1\u540d\u79f065", "product_type": "\u4ea7\u54c1\u7c7b\u578b65", "create_time": "2020-08-05T15:27:45.835"}}, {"model": "project.product", "pk": "\u4ea7\u54c1\u578b\u53f766", "fields": {"projects": "\u9879\u76ee\u7f16\u53f766", "product_name": "\u4ea7\u54c1\u540d\u79f066", "product_type": "\u4ea7\u54c1\u7c7b\u578b66", "create_time": "2020-08-05T15:27:45.835"}}, {"model": "project.product", "pk": "\u4ea7\u54c1\u578b\u53f767", "fields": {"projects": "\u9879\u76ee\u7f16\u53f767", "product_name": "\u4ea7\u54c1\u540d\u79f067", "product_type": "\u4ea7\u54c1\u7c7b\u578b67", "create_time": "2020-08-05T15:27:45.835"}}, {"model": "project.product", "pk": "\u4ea7\u54c1\u578b\u53f768", "fields": {"projects": "\u9879\u76ee\u7f16\u53f768", "product_name": "\u4ea7\u54c1\u540d\u79f068", "product_type": "\u4ea7\u54c1\u7c7b\u578b68", "create_time": "2020-08-05T15:27:45.835"}}, {"model": "project.product", "pk": "\u4ea7\u54c1\u578b\u53f769", "fields": {"projects": "\u9879\u76ee\u7f16\u53f769", "product_name": "\u4ea7\u54c1\u540d\u79f069", "product_type": "\u4ea7\u54c1\u7c7b\u578b69", "create_time": "2020-08-05T15:27:45.835"}}, {"model": "project.product", "pk": "\u4ea7\u54c1\u578b\u53f77", "fields": {"projects": "\u9879\u76ee\u7f16\u53f77", "product_name": "\u4ea7\u54c1\u540d\u79f07", "product_type": "\u4ea7\u54c1\u7c7b\u578b7", "create_time": "2020-08-05T15:27:45.834"}}, {"model": "project.product", "pk": "\u4ea7\u54c1\u578b\u53f770", "fields": {"projects": "\u9879\u76ee\u7f16\u53f770", "product_name": "\u4ea7\u54c1\u540d\u79f070", "product_type": "\u4ea7\u54c1\u7c7b\u578b70", "create_time": "2020-08-05T15:27:45.835"}}, {"model": "project.product", "pk": "\u4ea7\u54c1\u578b\u53f771", "fields": {"projects": "\u9879\u76ee\u7f16\u53f771", "product_name": "\u4ea7\u54c1\u540d\u79f071", "product_type": "\u4ea7\u54c1\u7c7b\u578b71", "create_time": "2020-08-05T15:27:45.835"}}, {"model": "project.product", "pk": "\u4ea7\u54c1\u578b\u53f772", "fields": {"projects": "\u9879\u76ee\u7f16\u53f772", "product_name": "\u4ea7\u54c1\u540d\u79f072", "product_type": "\u4ea7\u54c1\u7c7b\u578b72", "create_time": "2020-08-05T15:27:45.835"}}, {"model": "project.product", "pk": "\u4ea7\u54c1\u578b\u53f773", "fields": {"projects": "\u9879\u76ee\u7f16\u53f773", "product_name": "\u4ea7\u54c1\u540d\u79f073", "product_type": "\u4ea7\u54c1\u7c7b\u578b73", "create_time": "2020-08-05T15:27:45.835"}}, {"model": "project.product", "pk": "\u4ea7\u54c1\u578b\u53f774", "fields": {"projects": "\u9879\u76ee\u7f16\u53f774", "product_name": "\u4ea7\u54c1\u540d\u79f074", "product_type": "\u4ea7\u54c1\u7c7b\u578b74", "create_time": "2020-08-05T15:27:45.835"}}, {"model": "project.product", "pk": "\u4ea7\u54c1\u578b\u53f775", "fields": {"projects": "\u9879\u76ee\u7f16\u53f775", "product_name": "\u4ea7\u54c1\u540d\u79f075", "product_type": "\u4ea7\u54c1\u7c7b\u578b75", "create_time": "2020-08-05T15:27:45.835"}}, {"model": "project.product", "pk": "\u4ea7\u54c1\u578b\u53f776", "fields": {"projects": "\u9879\u76ee\u7f16\u53f776", "product_name": "\u4ea7\u54c1\u540d\u79f076", "product_type": "\u4ea7\u54c1\u7c7b\u578b76", "create_time": "2020-08-05T15:27:45.835"}}, {"model": "project.product", "pk": "\u4ea7\u54c1\u578b\u53f777", "fields": {"projects": "\u9879\u76ee\u7f16\u53f777", "product_name": "\u4ea7\u54c1\u540d\u79f077", "product_type": "\u4ea7\u54c1\u7c7b\u578b77", "create_time": "2020-08-05T15:27:45.835"}}, {"model": "project.product", "pk": "\u4ea7\u54c1\u578b\u53f778", "fields": {"projects": "\u9879\u76ee\u7f16\u53f778", "product_name": "\u4ea7\u54c1\u540d\u79f078", "product_type": "\u4ea7\u54c1\u7c7b\u578b78", "create_time": "2020-08-05T15:27:45.835"}}, {"model": "project.product", "pk": "\u4ea7\u54c1\u578b\u53f779", "fields": {"projects": "\u9879\u76ee\u7f16\u53f779", "product_name": "\u4ea7\u54c1\u540d\u79f079", "product_type": "\u4ea7\u54c1\u7c7b\u578b79", "create_time": "2020-08-05T15:27:45.835"}}, {"model": "project.product", "pk": "\u4ea7\u54c1\u578b\u53f78", "fields": {"projects": "\u9879\u76ee\u7f16\u53f78", "product_name": "\u4ea7\u54c1\u540d\u79f08", "product_type": "\u4ea7\u54c1\u7c7b\u578b8", "create_time": "2020-08-05T15:27:45.834"}}, {"model": "project.product", "pk": "\u4ea7\u54c1\u578b\u53f780", "fields": {"projects": "\u9879\u76ee\u7f16\u53f780", "product_name": "\u4ea7\u54c1\u540d\u79f080", "product_type": "\u4ea7\u54c1\u7c7b\u578b80", "create_time": "2020-08-05T15:27:45.835"}}, {"model": "project.product", "pk": "\u4ea7\u54c1\u578b\u53f781", "fields": {"projects": "\u9879\u76ee\u7f16\u53f781", "product_name": "\u4ea7\u54c1\u540d\u79f081", "product_type": "\u4ea7\u54c1\u7c7b\u578b81", "create_time": "2020-08-05T15:27:45.835"}}, {"model": "project.product", "pk": "\u4ea7\u54c1\u578b\u53f782", "fields": {"projects": "\u9879\u76ee\u7f16\u53f782", "product_name": "\u4ea7\u54c1\u540d\u79f082", "product_type": "\u4ea7\u54c1\u7c7b\u578b82", "create_time": "2020-08-05T15:27:45.835"}}, {"model": "project.product", "pk": "\u4ea7\u54c1\u578b\u53f783", "fields": {"projects": "\u9879\u76ee\u7f16\u53f783", "product_name": "\u4ea7\u54c1\u540d\u79f083", "product_type": "\u4ea7\u54c1\u7c7b\u578b83", "create_time": "2020-08-05T15:27:45.836"}}, {"model": "project.product", "pk": "\u4ea7\u54c1\u578b\u53f784", "fields": {"projects": "\u9879\u76ee\u7f16\u53f784", "product_name": "\u4ea7\u54c1\u540d\u79f084", "product_type": "\u4ea7\u54c1\u7c7b\u578b84", "create_time": "2020-08-05T15:27:45.836"}}, {"model": "project.product", "pk": "\u4ea7\u54c1\u578b\u53f785", "fields": {"projects": "\u9879\u76ee\u7f16\u53f785", "product_name": "\u4ea7\u54c1\u540d\u79f085", "product_type": "\u4ea7\u54c1\u7c7b\u578b85", "create_time": "2020-08-05T15:27:45.836"}}, {"model": "project.product", "pk": "\u4ea7\u54c1\u578b\u53f786", "fields": {"projects": "\u9879\u76ee\u7f16\u53f786", "product_name": "\u4ea7\u54c1\u540d\u79f086", "product_type": "\u4ea7\u54c1\u7c7b\u578b86", "create_time": "2020-08-05T15:27:45.836"}}, {"model": "project.product", "pk": "\u4ea7\u54c1\u578b\u53f787", "fields": {"projects": "\u9879\u76ee\u7f16\u53f787", "product_name": "\u4ea7\u54c1\u540d\u79f087", "product_type": "\u4ea7\u54c1\u7c7b\u578b87", "create_time": "2020-08-05T15:27:45.836"}}, {"model": "project.product", "pk": "\u4ea7\u54c1\u578b\u53f788", "fields": {"projects": "\u9879\u76ee\u7f16\u53f788", "product_name": "\u4ea7\u54c1\u540d\u79f088", "product_type": "\u4ea7\u54c1\u7c7b\u578b88", "create_time": "2020-08-05T15:27:45.836"}}, {"model": "project.product", "pk": "\u4ea7\u54c1\u578b\u53f789", "fields": {"projects": "\u9879\u76ee\u7f16\u53f789", "product_name": "\u4ea7\u54c1\u540d\u79f089", "product_type": "\u4ea7\u54c1\u7c7b\u578b89", "create_time": "2020-08-05T15:27:45.836"}}, {"model": "project.product", "pk": "\u4ea7\u54c1\u578b\u53f79", "fields": {"projects": "\u9879\u76ee\u7f16\u53f79", "product_name": "\u4ea7\u54c1\u540d\u79f09", "product_type": "\u4ea7\u54c1\u7c7b\u578b9", "create_time": "2020-08-05T15:27:45.834"}}, {"model": "project.product", "pk": "\u4ea7\u54c1\u578b\u53f790", "fields": {"projects": "\u9879\u76ee\u7f16\u53f790", "product_name": "\u4ea7\u54c1\u540d\u79f090", "product_type": "\u4ea7\u54c1\u7c7b\u578b90", "create_time": "2020-08-05T15:27:45.836"}}, {"model": "project.product", "pk": "\u4ea7\u54c1\u578b\u53f791", "fields": {"projects": "\u9879\u76ee\u7f16\u53f791", "product_name": "\u4ea7\u54c1\u540d\u79f091", "product_type": "\u4ea7\u54c1\u7c7b\u578b91", "create_time": "2020-08-05T15:27:45.836"}}, {"model": "project.product", "pk": "\u4ea7\u54c1\u578b\u53f792", "fields": {"projects": "\u9879\u76ee\u7f16\u53f792", "product_name": "\u4ea7\u54c1\u540d\u79f092", "product_type": "\u4ea7\u54c1\u7c7b\u578b92", "create_time": "2020-08-05T15:27:45.836"}}, {"model": "project.product", "pk": "\u4ea7\u54c1\u578b\u53f793", "fields": {"projects": "\u9879\u76ee\u7f16\u53f793", "product_name": "\u4ea7\u54c1\u540d\u79f093", "product_type": "\u4ea7\u54c1\u7c7b\u578b93", "create_time": "2020-08-05T15:27:45.836"}}, {"model": "project.product", "pk": "\u4ea7\u54c1\u578b\u53f794", "fields": {"projects": "\u9879\u76ee\u7f16\u53f794", "product_name": "\u4ea7\u54c1\u540d\u79f094", "product_type": "\u4ea7\u54c1\u7c7b\u578b94", "create_time": "2020-08-05T15:27:45.836"}}, {"model": "project.product", "pk": "\u4ea7\u54c1\u578b\u53f795", "fields": {"projects": "\u9879\u76ee\u7f16\u53f795", "product_name": "\u4ea7\u54c1\u540d\u79f095", "product_type": "\u4ea7\u54c1\u7c7b\u578b95", "create_time": "2020-08-05T15:27:45.836"}}, {"model": "project.product", "pk": "\u4ea7\u54c1\u578b\u53f796", "fields": {"projects": "\u9879\u76ee\u7f16\u53f796", "product_name": "\u4ea7\u54c1\u540d\u79f096", "product_type": "\u4ea7\u54c1\u7c7b\u578b96", "create_time": "2020-08-05T15:27:45.836"}}, {"model": "project.product", "pk": "\u4ea7\u54c1\u578b\u53f797", "fields": {"projects": "\u9879\u76ee\u7f16\u53f797", "product_name": "\u4ea7\u54c1\u540d\u79f097", "product_type": "\u4ea7\u54c1\u7c7b\u578b97", "create_time": "2020-08-05T15:27:45.836"}}, {"model": "project.product", "pk": "\u4ea7\u54c1\u578b\u53f798", "fields": {"projects": "\u9879\u76ee\u7f16\u53f798", "product_name": "\u4ea7\u54c1\u540d\u79f098", "product_type": "\u4ea7\u54c1\u7c7b\u578b98", "create_time": "2020-08-05T15:27:45.836"}}, {"model": "project.product", "pk": "\u4ea7\u54c1\u578b\u53f799", "fields": {"projects": "\u9879\u76ee\u7f16\u53f799", "product_name": "\u4ea7\u54c1\u540d\u79f099", "product_type": "\u4ea7\u54c1\u7c7b\u578b99", "create_time": "2020-08-05T15:27:45.836"}}, {"model": "project.task", "pk": "\u4efb\u52a1\u5355\u53f710", "fields": {"products": "\u4ea7\u54c1\u578b\u53f710", "dev_type": "\u5f00\u53d1\u7c7b\u578b10", "start_time": "2020-08-10", "end_time": "2020-08-19", "task_status": "\u5df2\u5b8c\u6210", "create_time": "2020-08-06T21:15:20.062"}}, {"model": "project.task", "pk": "\u4efb\u52a1\u5355\u53f7100", "fields": {"products": "\u4ea7\u54c1\u578b\u53f7100", "dev_type": "\u5f00\u53d1\u7c7b\u578b100", "start_time": "2020-02-21", "end_time": "2020-02-23", "task_status": "\u672a\u5f00\u59cb", "create_time": "2020-08-06T21:15:20.064"}}, {"model": "project.task", "pk": "\u4efb\u52a1\u5355\u53f711", "fields": {"products": "\u4ea7\u54c1\u578b\u53f711", "dev_type": "\u5f00\u53d1\u7c7b\u578b11", "start_time": "2020-08-11", "end_time": "2020-08-20", "task_status": "\u8fdb\u884c\u4e2d", "create_time": "2020-08-06T21:15:20.062"}}, {"model": "project.task", "pk": "\u4efb\u52a1\u5355\u53f712", "fields": {"products": "\u4ea7\u54c1\u578b\u53f712", "dev_type": "\u5f00\u53d1\u7c7b\u578b12", "start_time": "2020-08-12", "end_time": "2020-08-21", "task_status": "\u5df2\u5b8c\u6210", "create_time": "2020-08-06T21:15:20.062"}}, {"model": "project.task", "pk": "\u4efb\u52a1\u5355\u53f713", "fields": {"products": "\u4ea7\u54c1\u578b\u53f713", "dev_type": "\u5f00\u53d1\u7c7b\u578b13", "start_time": "2020-08-13", "end_time": "2020-08-22", "task_status": "\u672a\u5f00\u59cb", "create_time": "2020-08-06T21:15:20.062"}}, {"model": "project.task", "pk": "\u4efb\u52a1\u5355\u53f714", "fields": {"products": "\u4ea7\u54c1\u578b\u53f714", "dev_type": "\u5f00\u53d1\u7c7b\u578b14", "start_time": "2020-08-14", "end_time": "2020-08-23", "task_status": "\u8fdb\u884c\u4e2d", "create_time": "2020-08-06T21:15:20.062"}}, {"model": "project.task", "pk": "\u4efb\u52a1\u5355\u53f715", "fields": {"products": "\u4ea7\u54c1\u578b\u53f715", "dev_type": "\u5f00\u53d1\u7c7b\u578b15", "start_time": "2020-08-15", "end_time": "2020-08-24", "task_status": "\u5df2\u5b8c\u6210", "create_time": "2020-08-06T21:15:20.062"}}, {"model": "project.task", "pk": "\u4efb\u52a1\u5355\u53f716", "fields": {"products": "\u4ea7\u54c1\u578b\u53f716", "dev_type": "\u5f00\u53d1\u7c7b\u578b16", "start_time": "2020-08-16", "end_time": "2020-08-25", "task_status": "\u672a\u5f00\u59cb", "create_time": "2020-08-06T21:15:20.062"}}, {"model": "project.task", "pk": "\u4efb\u52a1\u5355\u53f717", "fields": {"products": "\u4ea7\u54c1\u578b\u53f717", "dev_type": "\u5f00\u53d1\u7c7b\u578b17", "start_time": "2020-08-17", "end_time": "2020-08-26", "task_status": "\u8fdb\u884c\u4e2d", "create_time": "2020-08-06T21:15:20.062"}}, {"model": "project.task", "pk": "\u4efb\u52a1\u5355\u53f718", "fields": {"products": "\u4ea7\u54c1\u578b\u53f718", "dev_type": "\u5f00\u53d1\u7c7b\u578b18", "start_time": "2020-08-18", "end_time": "2020-08-27", "task_status": "\u5df2\u5b8c\u6210", "create_time": "2020-08-06T21:15:20.062"}}, {"model": "project.task", "pk": "\u4efb\u52a1\u5355\u53f719", "fields": {"products": "\u4ea7\u54c1\u578b\u53f719", "dev_type": "\u5f00\u53d1\u7c7b\u578b19", "start_time": "2020-08-19", "end_time": "2020-08-28", "task_status": "\u672a\u5f00\u59cb", "create_time": "2020-08-06T21:15:20.062"}}, {"model": "project.task", "pk": "\u4efb\u52a1\u5355\u53f72", "fields": {"products": "\u4ea7\u54c1\u578b\u53f72", "dev_type": "\u5f00\u53d1\u7c7b\u578b2", "start_time": "2020-08-02", "end_time": "2020-08-11", "task_status": "\u8fdb\u884c\u4e2d", "create_time": "2020-08-06T21:15:20.062"}}, {"model": "project.task", "pk": "\u4efb\u52a1\u5355\u53f720", "fields": {"products": "\u4ea7\u54c1\u578b\u53f720", "dev_type": "\u5f00\u53d1\u7c7b\u578b20", "start_time": "2020-08-20", "end_time": "2020-08-29", "task_status": "\u8fdb\u884c\u4e2d", "create_time": "2020-08-06T21:15:20.062"}}, {"model": "project.task", "pk": "\u4efb\u52a1\u5355\u53f721", "fields": {"products": "\u4ea7\u54c1\u578b\u53f721", "dev_type": "\u5f00\u53d1\u7c7b\u578b21", "start_time": "2020-08-21", "end_time": "2020-08-30", "task_status": "\u5df2\u5b8c\u6210", "create_time": "2020-08-06T21:15:20.062"}}, {"model": "project.task", "pk": "\u4efb\u52a1\u5355\u53f722", "fields": {"products": "\u4ea7\u54c1\u578b\u53f722", "dev_type": "\u5f00\u53d1\u7c7b\u578b22", "start_time": "2020-08-22", "end_time": "2020-08-31", "task_status": "\u672a\u5f00\u59cb", "create_time": "2020-08-06T21:15:20.062"}}, {"model": "project.task", "pk": "\u4efb\u52a1\u5355\u53f723", "fields": {"products": "\u4ea7\u54c1\u578b\u53f723", "dev_type": "\u5f00\u53d1\u7c7b\u578b23", "start_time": "2020-09-01", "end_time": "2020-09-02", "task_status": "\u8fdb\u884c\u4e2d", "create_time": "2020-08-06T21:15:20.062"}}, {"model": "project.task", "pk": "\u4efb\u52a1\u5355\u53f724", "fields": {"products": "\u4ea7\u54c1\u578b\u53f724", "dev_type": "\u5f00\u53d1\u7c7b\u578b24", "start_time": "2020-09-02", "end_time": "2020-09-03", "task_status": "\u5df2\u5b8c\u6210", "create_time": "2020-08-06T21:15:20.062"}}, {"model": "project.task", "pk": "\u4efb\u52a1\u5355\u53f725", "fields": {"products": "\u4ea7\u54c1\u578b\u53f725", "dev_type": "\u5f00\u53d1\u7c7b\u578b25", "start_time": "2020-09-03", "end_time": "2020-09-04", "task_status": "\u672a\u5f00\u59cb", "create_time": "2020-08-06T21:15:20.062"}}, {"model": "project.task", "pk": "\u4efb\u52a1\u5355\u53f726", "fields": {"products": "\u4ea7\u54c1\u578b\u53f726", "dev_type": "\u5f00\u53d1\u7c7b\u578b26", "start_time": "2020-09-04", "end_time": "2020-09-05", "task_status": "\u8fdb\u884c\u4e2d", "create_time": "2020-08-06T21:15:20.062"}}, {"model": "project.task", "pk": "\u4efb\u52a1\u5355\u53f727", "fields": {"products": "\u4ea7\u54c1\u578b\u53f727", "dev_type": "\u5f00\u53d1\u7c7b\u578b27", "start_time": "2020-09-05", "end_time": "2020-09-06", "task_status": "\u5df2\u5b8c\u6210", "create_time": "2020-08-06T21:15:20.062"}}, {"model": "project.task", "pk": "\u4efb\u52a1\u5355\u53f728", "fields": {"products": "\u4ea7\u54c1\u578b\u53f728", "dev_type": "\u5f00\u53d1\u7c7b\u578b28", "start_time": "2020-09-06", "end_time": "2020-09-07", "task_status": "\u672a\u5f00\u59cb", "create_time": "2020-08-06T21:15:20.062"}}, {"model": "project.task", "pk": "\u4efb\u52a1\u5355\u53f729", "fields": {"products": "\u4ea7\u54c1\u578b\u53f729", "dev_type": "\u5f00\u53d1\u7c7b\u578b29", "start_time": "2020-09-07", "end_time": "2020-09-08", "task_status": "\u8fdb\u884c\u4e2d", "create_time": "2020-08-06T21:15:20.062"}}, {"model": "project.task", "pk": "\u4efb\u52a1\u5355\u53f73", "fields": {"products": "\u4ea7\u54c1\u578b\u53f73", "dev_type": "\u5f00\u53d1\u7c7b\u578b3", "start_time": "2020-08-03", "end_time": "2020-08-12", "task_status": "\u5df2\u5b8c\u6210", "create_time": "2020-08-06T21:15:20.062"}}, {"model": "project.task", "pk": "\u4efb\u52a1\u5355\u53f730", "fields": {"products": "\u4ea7\u54c1\u578b\u53f730", "dev_type": "\u5f00\u53d1\u7c7b\u578b30", "start_time": "2020-09-08", "end_time": "2020-09-09", "task_status": "\u5df2\u5b8c\u6210", "create_time": "2020-08-06T21:15:20.062"}}, {"model": "project.task", "pk": "\u4efb\u52a1\u5355\u53f731", "fields": {"products": "\u4ea7\u54c1\u578b\u53f731", "dev_type": "\u5f00\u53d1\u7c7b\u578b31", "start_time": "2020-09-09", "end_time": "2020-09-10", "task_status": "\u672a\u5f00\u59cb", "create_time": "2020-08-06T21:15:20.062"}}, {"model": "project.task", "pk": "\u4efb\u52a1\u5355\u53f732", "fields": {"products": "\u4ea7\u54c1\u578b\u53f732", "dev_type": "\u5f00\u53d1\u7c7b\u578b32", "start_time": "2020-09-10", "end_time": "2020-09-11", "task_status": "\u8fdb\u884c\u4e2d", "create_time": "2020-08-06T21:15:20.062"}}, {"model": "project.task", "pk": "\u4efb\u52a1\u5355\u53f733", "fields": {"products": "\u4ea7\u54c1\u578b\u53f733", "dev_type": "\u5f00\u53d1\u7c7b\u578b33", "start_time": "2020-09-11", "end_time": "2020-09-12", "task_status": "\u5df2\u5b8c\u6210", "create_time": "2020-08-06T21:15:20.062"}}, {"model": "project.task", "pk": "\u4efb\u52a1\u5355\u53f734", "fields": {"products": "\u4ea7\u54c1\u578b\u53f734", "dev_type": "\u5f00\u53d1\u7c7b\u578b34", "start_time": "2020-09-12", "end_time": "2020-09-13", "task_status": "\u672a\u5f00\u59cb", "create_time": "2020-08-06T21:15:20.062"}}, {"model": "project.task", "pk": "\u4efb\u52a1\u5355\u53f735", "fields": {"products": "\u4ea7\u54c1\u578b\u53f735", "dev_type": "\u5f00\u53d1\u7c7b\u578b35", "start_time": "2020-09-13", "end_time": "2020-09-14", "task_status": "\u8fdb\u884c\u4e2d", "create_time": "2020-08-06T21:15:20.062"}}, {"model": "project.task", "pk": "\u4efb\u52a1\u5355\u53f736", "fields": {"products": "\u4ea7\u54c1\u578b\u53f736", "dev_type": "\u5f00\u53d1\u7c7b\u578b36", "start_time": "2020-09-14", "end_time": "2020-09-15", "task_status": "\u5df2\u5b8c\u6210", "create_time": "2020-08-06T21:15:20.062"}}, {"model": "project.task", "pk": "\u4efb\u52a1\u5355\u53f737", "fields": {"products": "\u4ea7\u54c1\u578b\u53f737", "dev_type": "\u5f00\u53d1\u7c7b\u578b37", "start_time": "2020-09-15", "end_time": "2020-09-16", "task_status": "\u672a\u5f00\u59cb", "create_time": "2020-08-06T21:15:20.063"}}, {"model": "project.task", "pk": "\u4efb\u52a1\u5355\u53f738", "fields": {"products": "\u4ea7\u54c1\u578b\u53f738", "dev_type": "\u5f00\u53d1\u7c7b\u578b38", "start_time": "2020-09-16", "end_time": "2020-09-17", "task_status": "\u8fdb\u884c\u4e2d", "create_time": "2020-08-06T21:15:20.063"}}, {"model": "project.task", "pk": "\u4efb\u52a1\u5355\u53f739", "fields": {"products": "\u4ea7\u54c1\u578b\u53f739", "dev_type": "\u5f00\u53d1\u7c7b\u578b39", "start_time": "2020-09-17", "end_time": "2020-09-18", "task_status": "\u5df2\u5b8c\u6210", "create_time": "2020-08-06T21:15:20.063"}}, {"model": "project.task", "pk": "\u4efb\u52a1\u5355\u53f74", "fields": {"products": "\u4ea7\u54c1\u578b\u53f74", "dev_type": "\u5f00\u53d1\u7c7b\u578b4", "start_time": "2020-08-04", "end_time": "2020-08-13", "task_status": "\u672a\u5f00\u59cb", "create_time": "2020-08-06T21:15:20.062"}}, {"model": "project.task", "pk": "\u4efb\u52a1\u5355\u53f740", "fields": {"products": "\u4ea7\u54c1\u578b\u53f740", "dev_type": "\u5f00\u53d1\u7c7b\u578b40", "start_time": "2020-09-18", "end_time": "2020-09-19", "task_status": "\u672a\u5f00\u59cb", "create_time": "2020-08-06T21:15:20.063"}}, {"model": "project.task", "pk": "\u4efb\u52a1\u5355\u53f741", "fields": {"products": "\u4ea7\u54c1\u578b\u53f741", "dev_type": "\u5f00\u53d1\u7c7b\u578b41", "start_time": "2020-09-19", "end_time": "2020-09-20", "task_status": "\u8fdb\u884c\u4e2d", "create_time": "2020-08-06T21:15:20.063"}}, {"model": "project.task", "pk": "\u4efb\u52a1\u5355\u53f742", "fields": {"products": "\u4ea7\u54c1\u578b\u53f742", "dev_type": "\u5f00\u53d1\u7c7b\u578b42", "start_time": "2020-09-20", "end_time": "2020-09-21", "task_status": "\u5df2\u5b8c\u6210", "create_time": "2020-08-06T21:15:20.063"}}, {"model": "project.task", "pk": "\u4efb\u52a1\u5355\u53f743", "fields": {"products": "\u4ea7\u54c1\u578b\u53f743", "dev_type": "\u5f00\u53d1\u7c7b\u578b43", "start_time": "2020-09-21", "end_time": "2020-09-22", "task_status": "\u672a\u5f00\u59cb", "create_time": "2020-08-06T21:15:20.063"}}, {"model": "project.task", "pk": "\u4efb\u52a1\u5355\u53f744", "fields": {"products": "\u4ea7\u54c1\u578b\u53f744", "dev_type": "\u5f00\u53d1\u7c7b\u578b44", "start_time": "2020-09-22", "end_time": "2020-09-23", "task_status": "\u8fdb\u884c\u4e2d", "create_time": "2020-08-06T21:15:20.063"}}, {"model": "project.task", "pk": "\u4efb\u52a1\u5355\u53f745", "fields": {"products": "\u4ea7\u54c1\u578b\u53f745", "dev_type": "\u5f00\u53d1\u7c7b\u578b45", "start_time": "2020-09-23", "end_time": "2020-09-24", "task_status": "\u5df2\u5b8c\u6210", "create_time": "2020-08-06T21:15:20.063"}}, {"model": "project.task", "pk": "\u4efb\u52a1\u5355\u53f746", "fields": {"products": "\u4ea7\u54c1\u578b\u53f746", "dev_type": "\u5f00\u53d1\u7c7b\u578b46", "start_time": "2020-09-24", "end_time": "2020-09-25", "task_status": "\u672a\u5f00\u59cb", "create_time": "2020-08-06T21:15:20.063"}}, {"model": "project.task", "pk": "\u4efb\u52a1\u5355\u53f747", "fields": {"products": "\u4ea7\u54c1\u578b\u53f747", "dev_type": "\u5f00\u53d1\u7c7b\u578b47", "start_time": "2020-09-25", "end_time": "2020-09-26", "task_status": "\u8fdb\u884c\u4e2d", "create_time": "2020-08-06T21:15:20.063"}}, {"model": "project.task", "pk": "\u4efb\u52a1\u5355\u53f748", "fields": {"products": "\u4ea7\u54c1\u578b\u53f748", "dev_type": "\u5f00\u53d1\u7c7b\u578b48", "start_time": "2020-09-26", "end_time": "2020-09-27", "task_status": "\u5df2\u5b8c\u6210", "create_time": "2020-08-06T21:15:20.063"}}, {"model": "project.task", "pk": "\u4efb\u52a1\u5355\u53f749", "fields": {"products": "\u4ea7\u54c1\u578b\u53f749", "dev_type": "\u5f00\u53d1\u7c7b\u578b49", "start_time": "2020-09-27", "end_time": "2020-09-28", "task_status": "\u672a\u5f00\u59cb", "create_time": "2020-08-06T21:15:20.063"}}, {"model": "project.task", "pk": "\u4efb\u52a1\u5355\u53f75", "fields": {"products": "\u4ea7\u54c1\u578b\u53f75", "dev_type": "\u5f00\u53d1\u7c7b\u578b5", "start_time": "2020-08-05", "end_time": "2020-08-14", "task_status": "\u8fdb\u884c\u4e2d", "create_time": "2020-08-06T21:15:20.062"}}, {"model": "project.task", "pk": "\u4efb\u52a1\u5355\u53f750", "fields": {"products": "\u4ea7\u54c1\u578b\u53f750", "dev_type": "\u5f00\u53d1\u7c7b\u578b50", "start_time": "2020-09-28", "end_time": "2020-09-29", "task_status": "\u8fdb\u884c\u4e2d", "create_time": "2020-08-06T21:15:20.063"}}, {"model": "project.task", "pk": "\u4efb\u52a1\u5355\u53f751", "fields": {"products": "\u4ea7\u54c1\u578b\u53f751", "dev_type": "\u5f00\u53d1\u7c7b\u578b51", "start_time": "2020-09-29", "end_time": "2020-09-30", "task_status": "\u5df2\u5b8c\u6210", "create_time": "2020-08-06T21:15:20.063"}}, {"model": "project.task", "pk": "\u4efb\u52a1\u5355\u53f752", "fields": {"products": "\u4ea7\u54c1\u578b\u53f752", "dev_type": "\u5f00\u53d1\u7c7b\u578b52", "start_time": "2020-01-01", "end_time": "2020-01-02", "task_status": "\u672a\u5f00\u59cb", "create_time": "2020-08-06T21:15:20.063"}}, {"model": "project.task", "pk": "\u4efb\u52a1\u5355\u53f753", "fields": {"products": "\u4ea7\u54c1\u578b\u53f753", "dev_type": "\u5f00\u53d1\u7c7b\u578b53", "start_time": "2020-01-02", "end_time": "2020-01-03", "task_status": "\u8fdb\u884c\u4e2d", "create_time": "2020-08-06T21:15:20.063"}}, {"model": "project.task", "pk": "\u4efb\u52a1\u5355\u53f754", "fields": {"products": "\u4ea7\u54c1\u578b\u53f754", "dev_type": "\u5f00\u53d1\u7c7b\u578b54", "start_time": "2020-01-03", "end_time": "2020-01-04", "task_status": "\u5df2\u5b8c\u6210", "create_time": "2020-08-06T21:15:20.063"}}, {"model": "project.task", "pk": "\u4efb\u52a1\u5355\u53f755", "fields": {"products": "\u4ea7\u54c1\u578b\u53f755", "dev_type": "\u5f00\u53d1\u7c7b\u578b55", "start_time": "2020-01-04", "end_time": "2020-01-05", "task_status": "\u672a\u5f00\u59cb", "create_time": "2020-08-06T21:15:20.063"}}, {"model": "project.task", "pk": "\u4efb\u52a1\u5355\u53f756", "fields": {"products": "\u4ea7\u54c1\u578b\u53f756", "dev_type": "\u5f00\u53d1\u7c7b\u578b56", "start_time": "2020-01-05", "end_time": "2020-01-06", "task_status": "\u8fdb\u884c\u4e2d", "create_time": "2020-08-06T21:15:20.063"}}, {"model": "project.task", "pk": "\u4efb\u52a1\u5355\u53f757", "fields": {"products": "\u4ea7\u54c1\u578b\u53f757", "dev_type": "\u5f00\u53d1\u7c7b\u578b57", "start_time": "2020-01-06", "end_time": "2020-01-07", "task_status": "\u5df2\u5b8c\u6210", "create_time": "2020-08-06T21:15:20.063"}}, {"model": "project.task", "pk": "\u4efb\u52a1\u5355\u53f758", "fields": {"products": "\u4ea7\u54c1\u578b\u53f758", "dev_type": "\u5f00\u53d1\u7c7b\u578b58", "start_time": "2020-01-07", "end_time": "2020-01-08", "task_status": "\u672a\u5f00\u59cb", "create_time": "2020-08-06T21:15:20.063"}}, {"model": "project.task", "pk": "\u4efb\u52a1\u5355\u53f759", "fields": {"products": "\u4ea7\u54c1\u578b\u53f759", "dev_type": "\u5f00\u53d1\u7c7b\u578b59", "start_time": "2020-01-08", "end_time": "2020-01-09", "task_status": "\u8fdb\u884c\u4e2d", "create_time": "2020-08-06T21:15:20.063"}}, {"model": "project.task", "pk": "\u4efb\u52a1\u5355\u53f76", "fields": {"products": "\u4ea7\u54c1\u578b\u53f76", "dev_type": "\u5f00\u53d1\u7c7b\u578b6", "start_time": "2020-08-06", "end_time": "2020-08-15", "task_status": "\u5df2\u5b8c\u6210", "create_time": "2020-08-06T21:15:20.062"}}, {"model": "project.task", "pk": "\u4efb\u52a1\u5355\u53f760", "fields": {"products": "\u4ea7\u54c1\u578b\u53f760", "dev_type": "\u5f00\u53d1\u7c7b\u578b60", "start_time": "2020-01-09", "end_time": "2020-01-10", "task_status": "\u5df2\u5b8c\u6210", "create_time": "2020-08-06T21:15:20.063"}}, {"model": "project.task", "pk": "\u4efb\u52a1\u5355\u53f761", "fields": {"products": "\u4ea7\u54c1\u578b\u53f761", "dev_type": "\u5f00\u53d1\u7c7b\u578b61", "start_time": "2020-01-10", "end_time": "2020-01-11", "task_status": "\u672a\u5f00\u59cb", "create_time": "2020-08-06T21:15:20.063"}}, {"model": "project.task", "pk": "\u4efb\u52a1\u5355\u53f762", "fields": {"products": "\u4ea7\u54c1\u578b\u53f762", "dev_type": "\u5f00\u53d1\u7c7b\u578b62", "start_time": "2020-01-11", "end_time": "2020-01-12", "task_status": "\u8fdb\u884c\u4e2d", "create_time": "2020-08-06T21:15:20.063"}}, {"model": "project.task", "pk": "\u4efb\u52a1\u5355\u53f763", "fields": {"products": "\u4ea7\u54c1\u578b\u53f763", "dev_type": "\u5f00\u53d1\u7c7b\u578b63", "start_time": "2020-01-12", "end_time": "2020-01-13", "task_status": "\u5df2\u5b8c\u6210", "create_time": "2020-08-06T21:15:20.063"}}, {"model": "project.task", "pk": "\u4efb\u52a1\u5355\u53f764", "fields": {"products": "\u4ea7\u54c1\u578b\u53f764", "dev_type": "\u5f00\u53d1\u7c7b\u578b64", "start_time": "2020-01-13", "end_time": "2020-01-14", "task_status": "\u672a\u5f00\u59cb", "create_time": "2020-08-06T21:15:20.063"}}, {"model": "project.task", "pk": "\u4efb\u52a1\u5355\u53f765", "fields": {"products": "\u4ea7\u54c1\u578b\u53f765", "dev_type": "\u5f00\u53d1\u7c7b\u578b65", "start_time": "2020-01-14", "end_time": "2020-01-15", "task_status": "\u8fdb\u884c\u4e2d", "create_time": "2020-08-06T21:15:20.063"}}, {"model": "project.task", "pk": "\u4efb\u52a1\u5355\u53f766", "fields": {"products": "\u4ea7\u54c1\u578b\u53f766", "dev_type": "\u5f00\u53d1\u7c7b\u578b66", "start_time": "2020-01-15", "end_time": "2020-01-16", "task_status": "\u5df2\u5b8c\u6210", "create_time": "2020-08-06T21:15:20.063"}}, {"model": "project.task", "pk": "\u4efb\u52a1\u5355\u53f767", "fields": {"products": "\u4ea7\u54c1\u578b\u53f767", "dev_type": "\u5f00\u53d1\u7c7b\u578b67", "start_time": "2020-01-16", "end_time": "2020-01-17", "task_status": "\u672a\u5f00\u59cb", "create_time": "2020-08-06T21:15:20.063"}}, {"model": "project.task", "pk": "\u4efb\u52a1\u5355\u53f768", "fields": {"products": "\u4ea7\u54c1\u578b\u53f768", "dev_type": "\u5f00\u53d1\u7c7b\u578b68", "start_time": "2020-01-17", "end_time": "2020-01-18", "task_status": "\u8fdb\u884c\u4e2d", "create_time": "2020-08-06T21:15:20.063"}}, {"model": "project.task", "pk": "\u4efb\u52a1\u5355\u53f769", "fields": {"products": "\u4ea7\u54c1\u578b\u53f769", "dev_type": "\u5f00\u53d1\u7c7b\u578b69", "start_time": "2020-01-18", "end_time": "2020-01-19", "task_status": "\u5df2\u5b8c\u6210", "create_time": "2020-08-06T21:15:20.063"}}, {"model": "project.task", "pk": "\u4efb\u52a1\u5355\u53f77", "fields": {"products": "\u4ea7\u54c1\u578b\u53f77", "dev_type": "\u5f00\u53d1\u7c7b\u578b7", "start_time": "2020-08-07", "end_time": "2020-08-16", "task_status": "\u672a\u5f00\u59cb", "create_time": "2020-08-06T21:15:20.062"}}, {"model": "project.task", "pk": "\u4efb\u52a1\u5355\u53f770", "fields": {"products": "\u4ea7\u54c1\u578b\u53f770", "dev_type": "\u5f00\u53d1\u7c7b\u578b70", "start_time": "2020-01-19", "end_time": "2020-01-20", "task_status": "\u672a\u5f00\u59cb", "create_time": "2020-08-06T21:15:20.063"}}, {"model": "project.task", "pk": "\u4efb\u52a1\u5355\u53f771", "fields": {"products": "\u4ea7\u54c1\u578b\u53f771", "dev_type": "\u5f00\u53d1\u7c7b\u578b71", "start_time": "2020-01-20", "end_time": "2020-01-21", "task_status": "\u8fdb\u884c\u4e2d", "create_time": "2020-08-06T21:15:20.063"}}, {"model": "project.task", "pk": "\u4efb\u52a1\u5355\u53f772", "fields": {"products": "\u4ea7\u54c1\u578b\u53f772", "dev_type": "\u5f00\u53d1\u7c7b\u578b72", "start_time": "2020-01-21", "end_time": "2020-01-22", "task_status": "\u5df2\u5b8c\u6210", "create_time": "2020-08-06T21:15:20.063"}}, {"model": "project.task", "pk": "\u4efb\u52a1\u5355\u53f773", "fields": {"products": "\u4ea7\u54c1\u578b\u53f773", "dev_type": "\u5f00\u53d1\u7c7b\u578b73", "start_time": "2020-01-22", "end_time": "2020-01-23", "task_status": "\u672a\u5f00\u59cb", "create_time": "2020-08-06T21:15:20.063"}}, {"model": "project.task", "pk": "\u4efb\u52a1\u5355\u53f774", "fields": {"products": "\u4ea7\u54c1\u578b\u53f774", "dev_type": "\u5f00\u53d1\u7c7b\u578b74", "start_time": "2020-01-23", "end_time": "2020-01-24", "task_status": "\u8fdb\u884c\u4e2d", "create_time": "2020-08-06T21:15:20.063"}}, {"model": "project.task", "pk": "\u4efb\u52a1\u5355\u53f775", "fields": {"products": "\u4ea7\u54c1\u578b\u53f775", "dev_type": "\u5f00\u53d1\u7c7b\u578b75", "start_time": "2020-01-24", "end_time": "2020-01-25", "task_status": "\u5df2\u5b8c\u6210", "create_time": "2020-08-06T21:15:20.063"}}, {"model": "project.task", "pk": "\u4efb\u52a1\u5355\u53f776", "fields": {"products": "\u4ea7\u54c1\u578b\u53f776", "dev_type": "\u5f00\u53d1\u7c7b\u578b76", "start_time": "2020-01-25", "end_time": "2020-01-26", "task_status": "\u672a\u5f00\u59cb", "create_time": "2020-08-06T21:15:20.063"}}, {"model": "project.task", "pk": "\u4efb\u52a1\u5355\u53f777", "fields": {"products": "\u4ea7\u54c1\u578b\u53f777", "dev_type": "\u5f00\u53d1\u7c7b\u578b77", "start_time": "2020-01-26", "end_time": "2020-01-27", "task_status": "\u8fdb\u884c\u4e2d", "create_time": "2020-08-06T21:15:20.063"}}, {"model": "project.task", "pk": "\u4efb\u52a1\u5355\u53f778", "fields": {"products": "\u4ea7\u54c1\u578b\u53f778", "dev_type": "\u5f00\u53d1\u7c7b\u578b78", "start_time": "2020-01-27", "end_time": "2020-01-28", "task_status": "\u5df2\u5b8c\u6210", "create_time": "2020-08-06T21:15:20.063"}}, {"model": "project.task", "pk": "\u4efb\u52a1\u5355\u53f779", "fields": {"products": "\u4ea7\u54c1\u578b\u53f779", "dev_type": "\u5f00\u53d1\u7c7b\u578b79", "start_time": "2020-01-28", "end_time": "2020-01-29", "task_status": "\u672a\u5f00\u59cb", "create_time": "2020-08-06T21:15:20.064"}}, {"model": "project.task", "pk": "\u4efb\u52a1\u5355\u53f78", "fields": {"products": "\u4ea7\u54c1\u578b\u53f78", "dev_type": "\u5f00\u53d1\u7c7b\u578b8", "start_time": "2020-08-08", "end_time": "2020-08-17", "task_status": "\u8fdb\u884c\u4e2d", "create_time": "2020-08-06T21:15:20.062"}}, {"model": "project.task", "pk": "\u4efb\u52a1\u5355\u53f780", "fields": {"products": "\u4ea7\u54c1\u578b\u53f780", "dev_type": "\u5f00\u53d1\u7c7b\u578b80", "start_time": "2020-02-01", "end_time": "2020-02-03", "task_status": "\u8fdb\u884c\u4e2d", "create_time": "2020-08-06T21:15:20.064"}}, {"model": "project.task", "pk": "\u4efb\u52a1\u5355\u53f781", "fields": {"products": "\u4ea7\u54c1\u578b\u53f781", "dev_type": "\u5f00\u53d1\u7c7b\u578b81", "start_time": "2020-02-02", "end_time": "2020-02-04", "task_status": "\u5df2\u5b8c\u6210", "create_time": "2020-08-06T21:15:20.064"}}, {"model": "project.task", "pk": "\u4efb\u52a1\u5355\u53f782", "fields": {"products": "\u4ea7\u54c1\u578b\u53f782", "dev_type": "\u5f00\u53d1\u7c7b\u578b82", "start_time": "2020-02-03", "end_time": "2020-02-05", "task_status": "\u672a\u5f00\u59cb", "create_time": "2020-08-06T21:15:20.064"}}, {"model": "project.task", "pk": "\u4efb\u52a1\u5355\u53f783", "fields": {"products": "\u4ea7\u54c1\u578b\u53f783", "dev_type": "\u5f00\u53d1\u7c7b\u578b83", "start_time": "2020-02-04", "end_time": "2020-02-06", "task_status": "\u8fdb\u884c\u4e2d", "create_time": "2020-08-06T21:15:20.064"}}, {"model": "project.task", "pk": "\u4efb\u52a1\u5355\u53f784", "fields": {"products": "\u4ea7\u54c1\u578b\u53f784", "dev_type": "\u5f00\u53d1\u7c7b\u578b84", "start_time": "2020-02-05", "end_time": "2020-02-07", "task_status": "\u5df2\u5b8c\u6210", "create_time": "2020-08-06T21:15:20.064"}}, {"model": "project.task", "pk": "\u4efb\u52a1\u5355\u53f785", "fields": {"products": "\u4ea7\u54c1\u578b\u53f785", "dev_type": "\u5f00\u53d1\u7c7b\u578b85", "start_time": "2020-02-06", "end_time": "2020-02-08", "task_status": "\u672a\u5f00\u59cb", "create_time": "2020-08-06T21:15:20.064"}}, {"model": "project.task", "pk": "\u4efb\u52a1\u5355\u53f786", "fields": {"products": "\u4ea7\u54c1\u578b\u53f786", "dev_type": "\u5f00\u53d1\u7c7b\u578b86", "start_time": "2020-02-07", "end_time": "2020-02-09", "task_status": "\u8fdb\u884c\u4e2d", "create_time": "2020-08-06T21:15:20.064"}}, {"model": "project.task", "pk": "\u4efb\u52a1\u5355\u53f787", "fields": {"products": "\u4ea7\u54c1\u578b\u53f787", "dev_type": "\u5f00\u53d1\u7c7b\u578b87", "start_time": "2020-02-08", "end_time": "2020-02-10", "task_status": "\u5df2\u5b8c\u6210", "create_time": "2020-08-06T21:15:20.064"}}, {"model": "project.task", "pk": "\u4efb\u52a1\u5355\u53f788", "fields": {"products": "\u4ea7\u54c1\u578b\u53f788", "dev_type": "\u5f00\u53d1\u7c7b\u578b88", "start_time": "2020-02-09", "end_time": "2020-02-11", "task_status": "\u672a\u5f00\u59cb", "create_time": "2020-08-06T21:15:20.064"}}, {"model": "project.task", "pk": "\u4efb\u52a1\u5355\u53f789", "fields": {"products": "\u4ea7\u54c1\u578b\u53f789", "dev_type": "\u5f00\u53d1\u7c7b\u578b89", "start_time": "2020-02-10", "end_time": "2020-02-12", "task_status": "\u8fdb\u884c\u4e2d", "create_time": "2020-08-06T21:15:20.064"}}, {"model": "project.task", "pk": "\u4efb\u52a1\u5355\u53f79", "fields": {"products": "\u4ea7\u54c1\u578b\u53f79", "dev_type": "\u5f00\u53d1\u7c7b\u578b9", "start_time": "2020-08-09", "end_time": "2020-08-18", "task_status": "\u5df2\u5b8c\u6210", "create_time": "2020-08-06T21:15:20.062"}}, {"model": "project.task", "pk": "\u4efb\u52a1\u5355\u53f790", "fields": {"products": "\u4ea7\u54c1\u578b\u53f790", "dev_type": "\u5f00\u53d1\u7c7b\u578b90", "start_time": "2020-02-11", "end_time": "2020-02-13", "task_status": "\u5df2\u5b8c\u6210", "create_time": "2020-08-06T21:15:20.064"}}, {"model": "project.task", "pk": "\u4efb\u52a1\u5355\u53f791", "fields": {"products": "\u4ea7\u54c1\u578b\u53f791", "dev_type": "\u5f00\u53d1\u7c7b\u578b91", "start_time": "2020-02-12", "end_time": "2020-02-14", "task_status": "\u672a\u5f00\u59cb", "create_time": "2020-08-06T21:15:20.064"}}, {"model": "project.task", "pk": "\u4efb\u52a1\u5355\u53f792", "fields": {"products": "\u4ea7\u54c1\u578b\u53f792", "dev_type": "\u5f00\u53d1\u7c7b\u578b92", "start_time": "2020-02-13", "end_time": "2020-02-15", "task_status": "\u5df2\u5b8c\u6210", "create_time": "2020-08-06T21:15:20.064"}}, {"model": "project.task", "pk": "\u4efb\u52a1\u5355\u53f793", "fields": {"products": "\u4ea7\u54c1\u578b\u53f793", "dev_type": "\u5f00\u53d1\u7c7b\u578b93", "start_time": "2020-02-14", "end_time": "2020-02-16", "task_status": "\u5df2\u5b8c\u6210", "create_time": "2020-08-06T21:15:20.064"}}, {"model": "project.task", "pk": "\u4efb\u52a1\u5355\u53f794", "fields": {"products": "\u4ea7\u54c1\u578b\u53f794", "dev_type": "\u5f00\u53d1\u7c7b\u578b94", "start_time": "2020-02-15", "end_time": "2020-02-17", "task_status": "\u672a\u5f00\u59cb", "create_time": "2020-08-06T21:15:20.064"}}, {"model": "project.task", "pk": "\u4efb\u52a1\u5355\u53f795", "fields": {"products": "\u4ea7\u54c1\u578b\u53f795", "dev_type": "\u5f00\u53d1\u7c7b\u578b95", "start_time": "2020-02-16", "end_time": "2020-02-18", "task_status": "\u5df2\u5b8c\u6210", "create_time": "2020-08-06T21:15:20.064"}}, {"model": "project.task", "pk": "\u4efb\u52a1\u5355\u53f796", "fields": {"products": "\u4ea7\u54c1\u578b\u53f796", "dev_type": "\u5f00\u53d1\u7c7b\u578b96", "start_time": "2020-02-17", "end_time": "2020-02-19", "task_status": "\u5df2\u5b8c\u6210", "create_time": "2020-08-06T21:15:20.064"}}, {"model": "project.task", "pk": "\u4efb\u52a1\u5355\u53f797", "fields": {"products": "\u4ea7\u54c1\u578b\u53f797", "dev_type": "\u5f00\u53d1\u7c7b\u578b97", "start_time": "2020-02-18", "end_time": "2020-02-20", "task_status": "\u5df2\u5b8c\u6210", "create_time": "2020-08-06T21:15:20.064"}}, {"model": "project.task", "pk": "\u4efb\u52a1\u5355\u53f798", "fields": {"products": "\u4ea7\u54c1\u578b\u53f798", "dev_type": "\u5f00\u53d1\u7c7b\u578b98", "start_time": "2020-02-19", "end_time": "2020-02-21", "task_status": "\u8fdb\u884c\u4e2d", "create_time": "2020-08-06T21:15:20.064"}}, {"model": "project.task", "pk": "\u4efb\u52a1\u5355\u53f799", "fields": {"products": "\u4ea7\u54c1\u578b\u53f799", "dev_type": "\u5f00\u53d1\u7c7b\u578b99", "start_time": "2020-02-20", "end_time": "2020-02-28", "task_status": "\u5df2\u5b8c\u6210", "create_time": "2020-08-06T21:15:20.064"}}, {"model": "project.version", "pk": "\u7248\u672c\u540d\u79f01", "fields": {"tasks": "\u4efb\u52a1\u5355\u53f799", "version_num": 1, "executor": "\u6267\u884c\u4eba1", "start_time": "2020-01-06", "end_time": "2020-01-07", "create_time": "2020-08-30T16:51:07.667"}}, {"model": "project.version", "pk": "\u7248\u672c\u540d\u79f010", "fields": {"tasks": "\u4efb\u52a1\u5355\u53f790", "version_num": 1, "executor": "\u6267\u884c\u4eba10", "start_time": "2020-01-15", "end_time": "2020-01-16", "create_time": "2020-08-30T16:51:07.667"}}, {"model": "project.version", "pk": "\u7248\u672c\u540d\u79f011", "fields": {"tasks": "\u4efb\u52a1\u5355\u53f79", "version_num": 1, "executor": "\u6267\u884c\u4eba11", "start_time": "2020-01-16", "end_time": "2020-01-17", "create_time": "2020-08-30T16:51:07.667"}}, {"model": "project.version", "pk": "\u7248\u672c\u540d\u79f012", "fields": {"tasks": "\u4efb\u52a1\u5355\u53f789", "version_num": 1, "executor": "\u6267\u884c\u4eba12", "start_time": "2020-01-17", "end_time": "2020-01-18", "create_time": "2020-08-30T16:51:07.667"}}, {"model": "project.version", "pk": "\u7248\u672c\u540d\u79f013", "fields": {"tasks": "\u4efb\u52a1\u5355\u53f788", "version_num": 1, "executor": "\u6267\u884c\u4eba13", "start_time": "2020-01-18", "end_time": "2020-01-19", "create_time": "2020-08-30T16:51:07.667"}}, {"model": "project.version", "pk": "\u7248\u672c\u540d\u79f014", "fields": {"tasks": "\u4efb\u52a1\u5355\u53f787", "version_num": 1, "executor": "\u6267\u884c\u4eba14", "start_time": "2020-01-19", "end_time": "2020-01-20", "create_time": "2020-08-30T16:51:07.667"}}, {"model": "project.version", "pk": "\u7248\u672c\u540d\u79f015", "fields": {"tasks": "\u4efb\u52a1\u5355\u53f786", "version_num": 1, "executor": "\u6267\u884c\u4eba15", "start_time": "2020-01-20", "end_time": "2020-01-21", "create_time": "2020-08-30T16:51:07.667"}}, {"model": "project.version", "pk": "\u7248\u672c\u540d\u79f016", "fields": {"tasks": "\u4efb\u52a1\u5355\u53f785", "version_num": 1, "executor": "\u6267\u884c\u4eba16", "start_time": "2020-01-21", "end_time": "2020-01-22", "create_time": "2020-08-30T16:51:07.667"}}, {"model": "project.version", "pk": "\u7248\u672c\u540d\u79f017", "fields": {"tasks": "\u4efb\u52a1\u5355\u53f784", "version_num": 1, "executor": "\u6267\u884c\u4eba17", "start_time": "2020-01-22", "end_time": "2020-01-23", "create_time": "2020-08-30T16:51:07.667"}}, {"model": "project.version", "pk": "\u7248\u672c\u540d\u79f018", "fields": {"tasks": "\u4efb\u52a1\u5355\u53f783", "version_num": 1, "executor": "\u6267\u884c\u4eba18", "start_time": "2020-01-23", "end_time": "2020-01-24", "create_time": "2020-08-30T16:51:07.667"}}, {"model": "project.version", "pk": "\u7248\u672c\u540d\u79f019", "fields": {"tasks": "\u4efb\u52a1\u5355\u53f782", "version_num": 1, "executor": "\u6267\u884c\u4eba19", "start_time": "2020-01-24", "end_time": "2020-01-25", "create_time": "2020-08-30T16:51:07.667"}}, {"model": "project.version", "pk": "\u7248\u672c\u540d\u79f02", "fields": {"tasks": "\u4efb\u52a1\u5355\u53f798", "version_num": 1, "executor": "\u6267\u884c\u4eba2", "start_time": "2020-01-07", "end_time": "2020-01-08", "create_time": "2020-08-30T16:51:07.667"}}, {"model": "project.version", "pk": "\u7248\u672c\u540d\u79f020", "fields": {"tasks": "\u4efb\u52a1\u5355\u53f781", "version_num": 1, "executor": "\u6267\u884c\u4eba20", "start_time": "2020-01-25", "end_time": "2020-01-26", "create_time": "2020-08-30T16:51:07.667"}}, {"model": "project.version", "pk": "\u7248\u672c\u540d\u79f021", "fields": {"tasks": "\u4efb\u52a1\u5355\u53f780", "version_num": 1, "executor": "\u6267\u884c\u4eba21", "start_time": "2020-01-26", "end_time": "2020-01-27", "create_time": "2020-08-30T16:51:07.667"}}, {"model": "project.version", "pk": "\u7248\u672c\u540d\u79f022", "fields": {"tasks": "\u4efb\u52a1\u5355\u53f78", "version_num": 1, "executor": "\u6267\u884c\u4eba22", "start_time": "2020-01-27", "end_time": "2020-01-28", "create_time": "2020-08-30T16:51:07.667"}}, {"model": "project.version", "pk": "\u7248\u672c\u540d\u79f023", "fields": {"tasks": "\u4efb\u52a1\u5355\u53f779", "version_num": 1, "executor": "\u6267\u884c\u4eba23", "start_time": "2020-01-28", "end_time": "2020-01-29", "create_time": "2020-08-30T16:51:07.667"}}, {"model": "project.version", "pk": "\u7248\u672c\u540d\u79f024", "fields": {"tasks": "\u4efb\u52a1\u5355\u53f778", "version_num": 1, "executor": "\u6267\u884c\u4eba24", "start_time": "2020-01-29", "end_time": "2020-01-30", "create_time": "2020-08-30T16:51:07.667"}}, {"model": "project.version", "pk": "\u7248\u672c\u540d\u79f025", "fields": {"tasks": "\u4efb\u52a1\u5355\u53f777", "version_num": 1, "executor": "\u6267\u884c\u4eba25", "start_time": "2020-01-30", "end_time": "2020-01-31", "create_time": "2020-08-30T16:51:07.667"}}, {"model": "project.version", "pk": "\u7248\u672c\u540d\u79f026", "fields": {"tasks": "\u4efb\u52a1\u5355\u53f776", "version_num": 1, "executor": "\u6267\u884c\u4eba26", "start_time": "2020-01-31", "end_time": "2020-02-01", "create_time": "2020-08-30T16:51:07.667"}}, {"model": "project.version", "pk": "\u7248\u672c\u540d\u79f027", "fields": {"tasks": "\u4efb\u52a1\u5355\u53f775", "version_num": 1, "executor": "\u6267\u884c\u4eba27", "start_time": "2020-02-01", "end_time": "2020-02-02", "create_time": "2020-08-30T16:51:07.667"}}, {"model": "project.version", "pk": "\u7248\u672c\u540d\u79f028", "fields": {"tasks": "\u4efb\u52a1\u5355\u53f774", "version_num": 1, "executor": "\u6267\u884c\u4eba28", "start_time": "2020-02-02", "end_time": "2020-02-03", "create_time": "2020-08-30T16:51:07.667"}}, {"model": "project.version", "pk": "\u7248\u672c\u540d\u79f029", "fields": {"tasks": "\u4efb\u52a1\u5355\u53f773", "version_num": 1, "executor": "\u6267\u884c\u4eba29", "start_time": "2020-02-03", "end_time": "2020-02-04", "create_time": "2020-08-30T16:51:07.667"}}, {"model": "project.version", "pk": "\u7248\u672c\u540d\u79f03", "fields": {"tasks": "\u4efb\u52a1\u5355\u53f797", "version_num": 1, "executor": "\u6267\u884c\u4eba3", "start_time": "2020-01-08", "end_time": "2020-01-09", "create_time": "2020-08-30T16:51:07.667"}}, {"model": "project.version", "pk": "\u7248\u672c\u540d\u79f030", "fields": {"tasks": "\u4efb\u52a1\u5355\u53f772", "version_num": 1, "executor": "\u6267\u884c\u4eba30", "start_time": "2020-02-04", "end_time": "2020-02-05", "create_time": "2020-08-30T16:51:07.667"}}, {"model": "project.version", "pk": "\u7248\u672c\u540d\u79f031", "fields": {"tasks": "\u4efb\u52a1\u5355\u53f771", "version_num": 1, "executor": "\u6267\u884c\u4eba31", "start_time": "2020-02-05", "end_time": "2020-02-06", "create_time": "2020-08-30T16:51:07.667"}}, {"model": "project.version", "pk": "\u7248\u672c\u540d\u79f032", "fields": {"tasks": "\u4efb\u52a1\u5355\u53f770", "version_num": 1, "executor": "\u6267\u884c\u4eba32", "start_time": "2020-02-06", "end_time": "2020-02-07", "create_time": "2020-08-30T16:51:07.667"}}, {"model": "project.version", "pk": "\u7248\u672c\u540d\u79f033", "fields": {"tasks": "\u4efb\u52a1\u5355\u53f77", "version_num": 1, "executor": "\u6267\u884c\u4eba33", "start_time": "2020-02-07", "end_time": "2020-02-08", "create_time": "2020-08-30T16:51:07.667"}}, {"model": "project.version", "pk": "\u7248\u672c\u540d\u79f034", "fields": {"tasks": "\u4efb\u52a1\u5355\u53f769", "version_num": 1, "executor": "\u6267\u884c\u4eba34", "start_time": "2020-02-08", "end_time": "2020-02-09", "create_time": "2020-08-30T16:51:07.667"}}, {"model": "project.version", "pk": "\u7248\u672c\u540d\u79f035", "fields": {"tasks": "\u4efb\u52a1\u5355\u53f768", "version_num": 1, "executor": "\u6267\u884c\u4eba35", "start_time": "2020-02-09", "end_time": "2020-02-10", "create_time": "2020-08-30T16:51:07.668"}}, {"model": "project.version", "pk": "\u7248\u672c\u540d\u79f036", "fields": {"tasks": "\u4efb\u52a1\u5355\u53f767", "version_num": 1, "executor": "\u6267\u884c\u4eba36", "start_time": "2020-02-10", "end_time": "2020-02-11", "create_time": "2020-08-30T16:51:07.668"}}, {"model": "project.version", "pk": "\u7248\u672c\u540d\u79f037", "fields": {"tasks": "\u4efb\u52a1\u5355\u53f766", "version_num": 1, "executor": "\u6267\u884c\u4eba37", "start_time": "2020-02-11", "end_time": "2020-02-12", "create_time": "2020-08-30T16:51:07.668"}}, {"model": "project.version", "pk": "\u7248\u672c\u540d\u79f038", "fields": {"tasks": "\u4efb\u52a1\u5355\u53f765", "version_num": 1, "executor": "\u6267\u884c\u4eba38", "start_time": "2020-02-12", "end_time": "2020-02-13", "create_time": "2020-08-30T16:51:07.668"}}, {"model": "project.version", "pk": "\u7248\u672c\u540d\u79f039", "fields": {"tasks": "\u4efb\u52a1\u5355\u53f764", "version_num": 1, "executor": "\u6267\u884c\u4eba39", "start_time": "2020-02-13", "end_time": "2020-02-14", "create_time": "2020-08-30T16:51:07.668"}}, {"model": "project.version", "pk": "\u7248\u672c\u540d\u79f04", "fields": {"tasks": "\u4efb\u52a1\u5355\u53f796", "version_num": 1, "executor": "\u6267\u884c\u4eba4", "start_time": "2020-01-09", "end_time": "2020-01-10", "create_time": "2020-08-30T16:51:07.667"}}, {"model": "project.version", "pk": "\u7248\u672c\u540d\u79f040", "fields": {"tasks": "\u4efb\u52a1\u5355\u53f763", "version_num": 1, "executor": "\u6267\u884c\u4eba40", "start_time": "2020-02-14", "end_time": "2020-02-15", "create_time": "2020-08-30T16:51:07.668"}}, {"model": "project.version", "pk": "\u7248\u672c\u540d\u79f041", "fields": {"tasks": "\u4efb\u52a1\u5355\u53f762", "version_num": 1, "executor": "\u6267\u884c\u4eba41", "start_time": "2020-02-15", "end_time": "2020-02-16", "create_time": "2020-08-30T16:51:07.668"}}, {"model": "project.version", "pk": "\u7248\u672c\u540d\u79f042", "fields": {"tasks": "\u4efb\u52a1\u5355\u53f761", "version_num": 1, "executor": "\u6267\u884c\u4eba42", "start_time": "2020-02-16", "end_time": "2020-02-17", "create_time": "2020-08-30T16:51:07.668"}}, {"model": "project.version", "pk": "\u7248\u672c\u540d\u79f043", "fields": {"tasks": "\u4efb\u52a1\u5355\u53f760", "version_num": 1, "executor": "\u6267\u884c\u4eba43", "start_time": "2020-02-17", "end_time": "2020-02-18", "create_time": "2020-08-30T16:51:07.668"}}, {"model": "project.version", "pk": "\u7248\u672c\u540d\u79f044", "fields": {"tasks": "\u4efb\u52a1\u5355\u53f76", "version_num": 1, "executor": "\u6267\u884c\u4eba44", "start_time": "2020-02-18", "end_time": "2020-02-19", "create_time": "2020-08-30T16:51:07.668"}}, {"model": "project.version", "pk": "\u7248\u672c\u540d\u79f045", "fields": {"tasks": "\u4efb\u52a1\u5355\u53f759", "version_num": 1, "executor": "\u6267\u884c\u4eba45", "start_time": "2020-02-19", "end_time": "2020-02-20", "create_time": "2020-08-30T16:51:07.668"}}, {"model": "project.version", "pk": "\u7248\u672c\u540d\u79f046", "fields": {"tasks": "\u4efb\u52a1\u5355\u53f758", "version_num": 1, "executor": "\u6267\u884c\u4eba46", "start_time": "2020-02-20", "end_time": "2020-02-21", "create_time": "2020-08-30T16:51:07.668"}}, {"model": "project.version", "pk": "\u7248\u672c\u540d\u79f047", "fields": {"tasks": "\u4efb\u52a1\u5355\u53f757", "version_num": 1, "executor": "\u6267\u884c\u4eba47", "start_time": "2020-02-21", "end_time": "2020-02-22", "create_time": "2020-08-30T16:51:07.668"}}, {"model": "project.version", "pk": "\u7248\u672c\u540d\u79f048", "fields": {"tasks": "\u4efb\u52a1\u5355\u53f756", "version_num": 1, "executor": "\u6267\u884c\u4eba48", "start_time": "2020-02-22", "end_time": "2020-02-23", "create_time": "2020-08-30T16:51:07.668"}}, {"model": "project.version", "pk": "\u7248\u672c\u540d\u79f049", "fields": {"tasks": "\u4efb\u52a1\u5355\u53f755", "version_num": 1, "executor": "\u6267\u884c\u4eba49", "start_time": "2020-02-23", "end_time": "2020-02-24", "create_time": "2020-08-30T16:51:07.668"}}, {"model": "project.version", "pk": "\u7248\u672c\u540d\u79f05", "fields": {"tasks": "\u4efb\u52a1\u5355\u53f795", "version_num": 1, "executor": "\u6267\u884c\u4eba5", "start_time": "2020-01-10", "end_time": "2020-01-11", "create_time": "2020-08-30T16:51:07.667"}}, {"model": "project.version", "pk": "\u7248\u672c\u540d\u79f050", "fields": {"tasks": "\u4efb\u52a1\u5355\u53f754", "version_num": 1, "executor": "\u6267\u884c\u4eba50", "start_time": "2020-02-24", "end_time": "2020-02-25", "create_time": "2020-08-30T16:51:07.668"}}, {"model": "project.version", "pk": "\u7248\u672c\u540d\u79f051", "fields": {"tasks": "\u4efb\u52a1\u5355\u53f753", "version_num": 1, "executor": "\u6267\u884c\u4eba51", "start_time": "2020-02-25", "end_time": "2020-02-26", "create_time": "2020-08-30T16:51:07.668"}}, {"model": "project.version", "pk": "\u7248\u672c\u540d\u79f052", "fields": {"tasks": "\u4efb\u52a1\u5355\u53f752", "version_num": 1, "executor": "\u6267\u884c\u4eba52", "start_time": "2020-02-26", "end_time": "2020-02-27", "create_time": "2020-08-30T16:51:07.668"}}, {"model": "project.version", "pk": "\u7248\u672c\u540d\u79f053", "fields": {"tasks": "\u4efb\u52a1\u5355\u53f751", "version_num": 1, "executor": "\u6267\u884c\u4eba53", "start_time": "2020-02-27", "end_time": "2020-02-28", "create_time": "2020-08-30T16:51:07.668"}}, {"model": "project.version", "pk": "\u7248\u672c\u540d\u79f054", "fields": {"tasks": "\u4efb\u52a1\u5355\u53f750", "version_num": 1, "executor": "\u6267\u884c\u4eba54", "start_time": "2020-02-28", "end_time": "2020-02-29", "create_time": "2020-08-30T16:51:07.668"}}, {"model": "project.version", "pk": "\u7248\u672c\u540d\u79f055", "fields": {"tasks": "\u4efb\u52a1\u5355\u53f75", "version_num": 1, "executor": "\u6267\u884c\u4eba55", "start_time": "2020-02-29", "end_time": "2020-03-01", "create_time": "2020-08-30T16:51:07.668"}}, {"model": "project.version", "pk": "\u7248\u672c\u540d\u79f056", "fields": {"tasks": "\u4efb\u52a1\u5355\u53f749", "version_num": 1, "executor": "\u6267\u884c\u4eba56", "start_time": "2020-03-01", "end_time": "2020-03-02", "create_time": "2020-08-30T16:51:07.668"}}, {"model": "project.version", "pk": "\u7248\u672c\u540d\u79f057", "fields": {"tasks": "\u4efb\u52a1\u5355\u53f748", "version_num": 1, "executor": "\u6267\u884c\u4eba57", "start_time": "2020-03-02", "end_time": "2020-03-03", "create_time": "2020-08-30T16:51:07.668"}}, {"model": "project.version", "pk": "\u7248\u672c\u540d\u79f058", "fields": {"tasks": "\u4efb\u52a1\u5355\u53f747", "version_num": 1, "executor": "\u6267\u884c\u4eba58", "start_time": "2020-03-03", "end_time": "2020-03-04", "create_time": "2020-08-30T16:51:07.668"}}, {"model": "project.version", "pk": "\u7248\u672c\u540d\u79f059", "fields": {"tasks": "\u4efb\u52a1\u5355\u53f746", "version_num": 1, "executor": "\u6267\u884c\u4eba59", "start_time": "2020-03-04", "end_time": "2020-03-05", "create_time": "2020-08-30T16:51:07.668"}}, {"model": "project.version", "pk": "\u7248\u672c\u540d\u79f06", "fields": {"tasks": "\u4efb\u52a1\u5355\u53f794", "version_num": 1, "executor": "\u6267\u884c\u4eba6", "start_time": "2020-01-11", "end_time": "2020-01-12", "create_time": "2020-08-30T16:51:07.667"}}, {"model": "project.version", "pk": "\u7248\u672c\u540d\u79f060", "fields": {"tasks": "\u4efb\u52a1\u5355\u53f745", "version_num": 1, "executor": "\u6267\u884c\u4eba60", "start_time": "2020-03-05", "end_time": "2020-03-06", "create_time": "2020-08-30T16:51:07.668"}}, {"model": "project.version", "pk": "\u7248\u672c\u540d\u79f061", "fields": {"tasks": "\u4efb\u52a1\u5355\u53f744", "version_num": 1, "executor": "\u6267\u884c\u4eba61", "start_time": "2020-03-06", "end_time": "2020-03-07", "create_time": "2020-08-30T16:51:07.668"}}, {"model": "project.version", "pk": "\u7248\u672c\u540d\u79f062", "fields": {"tasks": "\u4efb\u52a1\u5355\u53f743", "version_num": 1, "executor": "\u6267\u884c\u4eba62", "start_time": "2020-03-07", "end_time": "2020-03-08", "create_time": "2020-08-30T16:51:07.668"}}, {"model": "project.version", "pk": "\u7248\u672c\u540d\u79f063", "fields": {"tasks": "\u4efb\u52a1\u5355\u53f742", "version_num": 1, "executor": "\u6267\u884c\u4eba63", "start_time": "2020-03-08", "end_time": "2020-03-09", "create_time": "2020-08-30T16:51:07.668"}}, {"model": "project.version", "pk": "\u7248\u672c\u540d\u79f064", "fields": {"tasks": "\u4efb\u52a1\u5355\u53f741", "version_num": 1, "executor": "\u6267\u884c\u4eba64", "start_time": "2020-03-09", "end_time": "2020-03-10", "create_time": "2020-08-30T16:51:07.668"}}, {"model": "project.version", "pk": "\u7248\u672c\u540d\u79f065", "fields": {"tasks": "\u4efb\u52a1\u5355\u53f740", "version_num": 1, "executor": "\u6267\u884c\u4eba65", "start_time": "2020-03-10", "end_time": "2020-03-11", "create_time": "2020-08-30T16:51:07.668"}}, {"model": "project.version", "pk": "\u7248\u672c\u540d\u79f066", "fields": {"tasks": "\u4efb\u52a1\u5355\u53f74", "version_num": 1, "executor": "\u6267\u884c\u4eba66", "start_time": "2020-03-11", "end_time": "2020-03-12", "create_time": "2020-08-30T16:51:07.668"}}, {"model": "project.version", "pk": "\u7248\u672c\u540d\u79f067", "fields": {"tasks": "\u4efb\u52a1\u5355\u53f739", "version_num": 1, "executor": "\u6267\u884c\u4eba67", "start_time": "2020-03-12", "end_time": "2020-03-13", "create_time": "2020-08-30T16:51:07.668"}}, {"model": "project.version", "pk": "\u7248\u672c\u540d\u79f068", "fields": {"tasks": "\u4efb\u52a1\u5355\u53f738", "version_num": 1, "executor": "\u6267\u884c\u4eba68", "start_time": "2020-03-13", "end_time": "2020-03-14", "create_time": "2020-08-30T16:51:07.668"}}, {"model": "project.version", "pk": "\u7248\u672c\u540d\u79f069", "fields": {"tasks": "\u4efb\u52a1\u5355\u53f737", "version_num": 1, "executor": "\u6267\u884c\u4eba69", "start_time": "2020-03-14", "end_time": "2020-03-15", "create_time": "2020-08-30T16:51:07.668"}}, {"model": "project.version", "pk": "\u7248\u672c\u540d\u79f07", "fields": {"tasks": "\u4efb\u52a1\u5355\u53f793", "version_num": 1, "executor": "\u6267\u884c\u4eba7", "start_time": "2020-01-12", "end_time": "2020-01-13", "create_time": "2020-08-30T16:51:07.667"}}, {"model": "project.version", "pk": "\u7248\u672c\u540d\u79f070", "fields": {"tasks": "\u4efb\u52a1\u5355\u53f736", "version_num": 1, "executor": "\u6267\u884c\u4eba70", "start_time": "2020-03-15", "end_time": "2020-03-16", "create_time": "2020-08-30T16:51:07.668"}}, {"model": "project.version", "pk": "\u7248\u672c\u540d\u79f071", "fields": {"tasks": "\u4efb\u52a1\u5355\u53f735", "version_num": 1, "executor": "\u6267\u884c\u4eba71", "start_time": "2020-03-16", "end_time": "2020-03-17", "create_time": "2020-08-30T16:51:07.668"}}, {"model": "project.version", "pk": "\u7248\u672c\u540d\u79f072", "fields": {"tasks": "\u4efb\u52a1\u5355\u53f734", "version_num": 1, "executor": "\u6267\u884c\u4eba72", "start_time": "2020-03-17", "end_time": "2020-03-18", "create_time": "2020-08-30T16:51:07.668"}}, {"model": "project.version", "pk": "\u7248\u672c\u540d\u79f073", "fields": {"tasks": "\u4efb\u52a1\u5355\u53f733", "version_num": 1, "executor": "\u6267\u884c\u4eba73", "start_time": "2020-03-18", "end_time": "2020-03-19", "create_time": "2020-08-30T16:51:07.668"}}, {"model": "project.version", "pk": "\u7248\u672c\u540d\u79f074", "fields": {"tasks": "\u4efb\u52a1\u5355\u53f732", "version_num": 1, "executor": "\u6267\u884c\u4eba74", "start_time": "2020-03-19", "end_time": "2020-03-20", "create_time": "2020-08-30T16:51:07.668"}}, {"model": "project.version", "pk": "\u7248\u672c\u540d\u79f075", "fields": {"tasks": "\u4efb\u52a1\u5355\u53f731", "version_num": 1, "executor": "\u6267\u884c\u4eba75", "start_time": "2020-03-20", "end_time": "2020-03-21", "create_time": "2020-08-30T16:51:07.668"}}, {"model": "project.version", "pk": "\u7248\u672c\u540d\u79f076", "fields": {"tasks": "\u4efb\u52a1\u5355\u53f730", "version_num": 1, "executor": "\u6267\u884c\u4eba76", "start_time": "2020-03-21", "end_time": "2020-03-22", "create_time": "2020-08-30T16:51:07.668"}}, {"model": "project.version", "pk": "\u7248\u672c\u540d\u79f077", "fields": {"tasks": "\u4efb\u52a1\u5355\u53f73", "version_num": 1, "executor": "\u6267\u884c\u4eba77", "start_time": "2020-03-22", "end_time": "2020-03-23", "create_time": "2020-08-30T16:51:07.669"}}, {"model": "project.version", "pk": "\u7248\u672c\u540d\u79f078", "fields": {"tasks": "\u4efb\u52a1\u5355\u53f729", "version_num": 1, "executor": "\u6267\u884c\u4eba78", "start_time": "2020-03-23", "end_time": "2020-03-24", "create_time": "2020-08-30T16:51:07.669"}}, {"model": "project.version", "pk": "\u7248\u672c\u540d\u79f079", "fields": {"tasks": "\u4efb\u52a1\u5355\u53f728", "version_num": 1, "executor": "\u6267\u884c\u4eba79", "start_time": "2020-03-24", "end_time": "2020-03-25", "create_time": "2020-08-30T16:51:07.669"}}, {"model": "project.version", "pk": "\u7248\u672c\u540d\u79f08", "fields": {"tasks": "\u4efb\u52a1\u5355\u53f792", "version_num": 1, "executor": "\u6267\u884c\u4eba8", "start_time": "2020-01-13", "end_time": "2020-01-14", "create_time": "2020-08-30T16:51:07.667"}}, {"model": "project.version", "pk": "\u7248\u672c\u540d\u79f080", "fields": {"tasks": "\u4efb\u52a1\u5355\u53f727", "version_num": 1, "executor": "\u6267\u884c\u4eba80", "start_time": "2020-03-25", "end_time": "2020-03-26", "create_time": "2020-08-30T16:51:07.669"}}, {"model": "project.version", "pk": "\u7248\u672c\u540d\u79f081", "fields": {"tasks": "\u4efb\u52a1\u5355\u53f726", "version_num": 1, "executor": "\u6267\u884c\u4eba81", "start_time": "2020-03-26", "end_time": "2020-03-27", "create_time": "2020-08-30T16:51:07.669"}}, {"model": "project.version", "pk": "\u7248\u672c\u540d\u79f082", "fields": {"tasks": "\u4efb\u52a1\u5355\u53f725", "version_num": 1, "executor": "\u6267\u884c\u4eba82", "start_time": "2020-03-27", "end_time": "2020-03-28", "create_time": "2020-08-30T16:51:07.669"}}, {"model": "project.version", "pk": "\u7248\u672c\u540d\u79f083", "fields": {"tasks": "\u4efb\u52a1\u5355\u53f724", "version_num": 1, "executor": "\u6267\u884c\u4eba83", "start_time": "2020-03-28", "end_time": "2020-03-29", "create_time": "2020-08-30T16:51:07.669"}}, {"model": "project.version", "pk": "\u7248\u672c\u540d\u79f084", "fields": {"tasks": "\u4efb\u52a1\u5355\u53f723", "version_num": 1, "executor": "\u6267\u884c\u4eba84", "start_time": "2020-03-29", "end_time": "2020-03-30", "create_time": "2020-08-30T16:51:07.669"}}, {"model": "project.version", "pk": "\u7248\u672c\u540d\u79f085", "fields": {"tasks": "\u4efb\u52a1\u5355\u53f722", "version_num": 1, "executor": "\u6267\u884c\u4eba85", "start_time": "2020-03-30", "end_time": "2020-03-31", "create_time": "2020-08-30T16:51:07.669"}}, {"model": "project.version", "pk": "\u7248\u672c\u540d\u79f086", "fields": {"tasks": "\u4efb\u52a1\u5355\u53f721", "version_num": 1, "executor": "\u6267\u884c\u4eba86", "start_time": "2020-03-31", "end_time": "2020-04-01", "create_time": "2020-08-30T16:51:07.669"}}, {"model": "project.version", "pk": "\u7248\u672c\u540d\u79f087", "fields": {"tasks": "\u4efb\u52a1\u5355\u53f720", "version_num": 1, "executor": "\u6267\u884c\u4eba87", "start_time": "2020-04-01", "end_time": "2020-04-02", "create_time": "2020-08-30T16:51:07.669"}}, {"model": "project.version", "pk": "\u7248\u672c\u540d\u79f088", "fields": {"tasks": "\u4efb\u52a1\u5355\u53f72", "version_num": 1, "executor": "\u6267\u884c\u4eba88", "start_time": "2020-04-02", "end_time": "2020-04-03", "create_time": "2020-08-30T16:51:07.669"}}, {"model": "project.version", "pk": "\u7248\u672c\u540d\u79f089", "fields": {"tasks": "\u4efb\u52a1\u5355\u53f719", "version_num": 1, "executor": "\u6267\u884c\u4eba89", "start_time": "2020-04-03", "end_time": "2020-04-04", "create_time": "2020-08-30T16:51:07.669"}}, {"model": "project.version", "pk": "\u7248\u672c\u540d\u79f09", "fields": {"tasks": "\u4efb\u52a1\u5355\u53f791", "version_num": 1, "executor": "\u6267\u884c\u4eba9", "start_time": "2020-01-14", "end_time": "2020-01-15", "create_time": "2020-08-30T16:51:07.667"}}, {"model": "project.version", "pk": "\u7248\u672c\u540d\u79f090", "fields": {"tasks": "\u4efb\u52a1\u5355\u53f718", "version_num": 1, "executor": "\u6267\u884c\u4eba90", "start_time": "2020-04-04", "end_time": "2020-04-05", "create_time": "2020-08-30T16:51:07.669"}}, {"model": "project.version", "pk": "\u7248\u672c\u540d\u79f091", "fields": {"tasks": "\u4efb\u52a1\u5355\u53f717", "version_num": 1, "executor": "\u6267\u884c\u4eba91", "start_time": "2020-04-05", "end_time": "2020-04-06", "create_time": "2020-08-30T16:51:07.669"}}, {"model": "project.version", "pk": "\u7248\u672c\u540d\u79f092", "fields": {"tasks": "\u4efb\u52a1\u5355\u53f716", "version_num": 1, "executor": "\u6267\u884c\u4eba92", "start_time": "2020-04-06", "end_time": "2020-04-07", "create_time": "2020-08-30T16:51:07.669"}}, {"model": "project.version", "pk": "\u7248\u672c\u540d\u79f093", "fields": {"tasks": "\u4efb\u52a1\u5355\u53f715", "version_num": 1, "executor": "\u6267\u884c\u4eba93", "start_time": "2020-04-07", "end_time": "2020-04-08", "create_time": "2020-08-30T16:51:07.669"}}, {"model": "project.version", "pk": "\u7248\u672c\u540d\u79f094", "fields": {"tasks": "\u4efb\u52a1\u5355\u53f714", "version_num": 1, "executor": "\u6267\u884c\u4eba94", "start_time": "2020-04-08", "end_time": "2020-04-09", "create_time": "2020-08-30T16:51:07.669"}}, {"model": "project.version", "pk": "\u7248\u672c\u540d\u79f095", "fields": {"tasks": "\u4efb\u52a1\u5355\u53f713", "version_num": 1, "executor": "\u6267\u884c\u4eba95", "start_time": "2020-04-09", "end_time": "2020-04-10", "create_time": "2020-08-30T16:51:07.669"}}, {"model": "project.version", "pk": "\u7248\u672c\u540d\u79f096", "fields": {"tasks": "\u4efb\u52a1\u5355\u53f712", "version_num": 1, "executor": "\u6267\u884c\u4eba96", "start_time": "2020-04-10", "end_time": "2020-04-11", "create_time": "2020-08-30T16:51:07.669"}}, {"model": "project.version", "pk": "\u7248\u672c\u540d\u79f097", "fields": {"tasks": "\u4efb\u52a1\u5355\u53f711", "version_num": 1, "executor": "\u6267\u884c\u4eba97", "start_time": "2020-04-11", "end_time": "2020-04-12", "create_time": "2020-08-30T16:51:07.669"}}, {"model": "project.version", "pk": "\u7248\u672c\u540d\u79f098", "fields": {"tasks": "\u4efb\u52a1\u5355\u53f7100", "version_num": 1, "executor": "\u6267\u884c\u4eba98", "start_time": "2020-04-12", "end_time": "2020-04-13", "create_time": "2020-08-30T16:51:07.669"}}, {"model": "project.version", "pk": "\u7248\u672c\u540d\u79f099", "fields": {"tasks": "\u4efb\u52a1\u5355\u53f710", "version_num": 1, "executor": "\u6267\u884c\u4eba99", "start_time": "2020-04-13", "end_time": "2020-04-14", "create_time": "2020-08-30T16:51:07.669"}}, {"model": "project.progress", "pk": 2, "fields": {"tasks": "\u4efb\u52a1\u5355\u53f72", "date": "2020-01-01", "executor": "\u6267\u884c\u4eba2", "hours": 8.0, "record": "111111111111111111111111111111111111111111111111111111111111111111111111111111111111111111111111111111111111111111111111111111111111111111111111111111111111111111111111111111111111111111111111111", "create_time": "2020-08-06T23:05:07.068"}}, {"model": "project.progress", "pk": 3, "fields": {"tasks": "\u4efb\u52a1\u5355\u53f73", "date": "2020-01-01", "executor": "\u6267\u884c\u4eba3", "hours": 8.0, "record": "\u5b8c\u6210\u63a5\u53e3\u6587\u6863\u7f16\u5199\u3002", "create_time": "2020-08-06T23:05:07.068"}}, {"model": "project.progress", "pk": 5, "fields": {"tasks": "\u4efb\u52a1\u5355\u53f75", "date": "2020-01-01", "executor": "\u6267\u884c\u4eba5", "hours": 8.0, "record": "\u5b8c\u6210\u63a5\u53e3\u6587\u6863\u7f16\u5199\u3002", "create_time": "2020-08-06T23:05:07.068"}}, {"model": "project.progress", "pk": 6, "fields": {"tasks": "\u4efb\u52a1\u5355\u53f76", "date": "2020-01-01", "executor": "\u6267\u884c\u4eba6", "hours": 8.0, "record": "\u5b8c\u6210\u63a5\u53e3\u6587\u6863\u7f16\u5199\u3002", "create_time": "2020-08-06T23:05:07.068"}}, {"model": "project.progress", "pk": 7, "fields": {"tasks": "\u4efb\u52a1\u5355\u53f77", "date": "2020-01-01", "executor": "\u6267\u884c\u4eba7", "hours": 8.0, "record": "\u5b8c\u6210\u63a5\u53e3\u6587\u6863\u7f16\u5199\u3002", "create_time": "2020-08-06T23:05:07.068"}}, {"model": "project.progress", "pk": 8, "fields": {"tasks": "\u4efb\u52a1\u5355\u53f78", "date": "2020-01-01", "executor": "\u6267\u884c\u4eba8", "hours": 8.0, "record": "\u5b8c\u6210\u63a5\u53e3\u6587\u6863\u7f16\u5199\u3002", "create_time": "2020-08-06T23:05:07.068"}}, {"model": "project.progress", "pk": 9, "fields": {"tasks": "\u4efb\u52a1\u5355\u53f79", "date": "2020-01-01", "executor": "\u6267\u884c\u4eba9", "hours": 8.0, "record": "\u5b8c\u6210\u63a5\u53e3\u6587\u6863\u7f16\u5199\u3002", "create_time": "2020-08-06T23:05:07.068"}}, {"model": "project.progress", "pk": 10, "fields": {"tasks": "\u4efb\u52a1\u5355\u53f710", "date": "2020-01-01", "executor": "\u6267\u884c\u4eba10", "hours": 8.0, "record": "\u5b8c\u6210\u63a5\u53e3\u6587\u6863\u7f16\u5199\u3002", "create_time": "2020-08-06T23:05:07.068"}}, {"model": "project.progress", "pk": 11, "fields": {"tasks": "\u4efb\u52a1\u5355\u53f711", "date": "2020-01-01", "executor": "\u6267\u884c\u4eba11", "hours": 8.0, "record": "\u5b8c\u6210\u63a5\u53e3\u6587\u6863\u7f16\u5199\u3002", "create_time": "2020-08-06T23:05:07.068"}}, {"model": "project.progress", "pk": 12, "fields": {"tasks": "\u4efb\u52a1\u5355\u53f712", "date": "2020-01-01", "executor": "\u6267\u884c\u4eba12", "hours": 8.0, "record": "\u5b8c\u6210\u63a5\u53e3\u6587\u6863\u7f16\u5199\u3002", "create_time": "2020-08-06T23:05:07.068"}}, {"model": "project.progress", "pk": 13, "fields": {"tasks": "\u4efb\u52a1\u5355\u53f713", "date": "2020-01-01", "executor": "\u6267\u884c\u4eba13", "hours": 8.0, "record": "\u5b8c\u6210\u63a5\u53e3\u6587\u6863\u7f16\u5199\u3002", "create_time": "2020-08-06T23:05:07.068"}}, {"model": "project.progress", "pk": 14, "fields": {"tasks": "\u4efb\u52a1\u5355\u53f714", "date": "2020-01-01", "executor": "\u6267\u884c\u4eba14", "hours": 8.0, "record": "\u5b8c\u6210\u63a5\u53e3\u6587\u6863\u7f16\u5199\u3002", "create_time": "2020-08-06T23:05:07.068"}}, {"model": "project.progress", "pk": 15, "fields": {"tasks": "\u4efb\u52a1\u5355\u53f715", "date": "2020-01-01", "executor": "\u6267\u884c\u4eba15", "hours": 8.0, "record": "\u5b8c\u6210\u63a5\u53e3\u6587\u6863\u7f16\u5199\u3002", "create_time": "2020-08-06T23:05:07.068"}}, {"model": "project.progress", "pk": 16, "fields": {"tasks": "\u4efb\u52a1\u5355\u53f716", "date": "2020-01-01", "executor": "\u6267\u884c\u4eba16", "hours": 8.0, "record": "\u5b8c\u6210\u63a5\u53e3\u6587\u6863\u7f16\u5199\u3002", "create_time": "2020-08-06T23:05:07.068"}}, {"model": "project.progress", "pk": 17, "fields": {"tasks": "\u4efb\u52a1\u5355\u53f717", "date": "2020-01-01", "executor": "\u6267\u884c\u4eba17", "hours": 8.0, "record": "\u5b8c\u6210\u63a5\u53e3\u6587\u6863\u7f16\u5199\u3002", "create_time": "2020-08-06T23:05:07.068"}}, {"model": "project.progress", "pk": 18, "fields": {"tasks": "\u4efb\u52a1\u5355\u53f718", "date": "2020-01-01", "executor": "\u6267\u884c\u4eba18", "hours": 8.0, "record": "\u5b8c\u6210\u63a5\u53e3\u6587\u6863\u7f16\u5199\u3002", "create_time": "2020-08-06T23:05:07.068"}}, {"model": "project.progress", "pk": 19, "fields": {"tasks": "\u4efb\u52a1\u5355\u53f719", "date": "2020-01-01", "executor": "\u6267\u884c\u4eba19", "hours": 8.0, "record": "\u5b8c\u6210\u63a5\u53e3\u6587\u6863\u7f16\u5199\u3002", "create_time": "2020-08-06T23:05:07.068"}}, {"model": "project.progress", "pk": 20, "fields": {"tasks": "\u4efb\u52a1\u5355\u53f720", "date": "2020-01-01", "executor": "\u6267\u884c\u4eba20", "hours": 8.0, "record": "\u5b8c\u6210\u63a5\u53e3\u6587\u6863\u7f16\u5199\u3002", "create_time": "2020-08-06T23:05:07.068"}}, {"model": "project.progress", "pk": 21, "fields": {"tasks": "\u4efb\u52a1\u5355\u53f721", "date": "2020-01-01", "executor": "\u6267\u884c\u4eba21", "hours": 8.0, "record": "\u5b8c\u6210\u63a5\u53e3\u6587\u6863\u7f16\u5199\u3002", "create_time": "2020-08-06T23:05:07.068"}}, {"model": "project.progress", "pk": 22, "fields": {"tasks": "\u4efb\u52a1\u5355\u53f722", "date": "2020-01-01", "executor": "\u6267\u884c\u4eba22", "hours": 8.0, "record": "\u5b8c\u6210\u63a5\u53e3\u6587\u6863\u7f16\u5199\u3002", "create_time": "2020-08-06T23:05:07.068"}}, {"model": "project.progress", "pk": 23, "fields": {"tasks": "\u4efb\u52a1\u5355\u53f723", "date": "2020-01-01", "executor": "\u6267\u884c\u4eba23", "hours": 8.0, "record": "\u5b8c\u6210\u63a5\u53e3\u6587\u6863\u7f16\u5199\u3002", "create_time": "2020-08-06T23:05:07.068"}}, {"model": "project.progress", "pk": 24, "fields": {"tasks": "\u4efb\u52a1\u5355\u53f724", "date": "2020-01-01", "executor": "\u6267\u884c\u4eba24", "hours": 8.0, "record": "\u5b8c\u6210\u63a5\u53e3\u6587\u6863\u7f16\u5199\u3002", "create_time": "2020-08-06T23:05:07.068"}}, {"model": "project.progress", "pk": 25, "fields": {"tasks": "\u4efb\u52a1\u5355\u53f725", "date": "2020-01-01", "executor": "\u6267\u884c\u4eba25", "hours": 8.0, "record": "\u5b8c\u6210\u63a5\u53e3\u6587\u6863\u7f16\u5199\u3002", "create_time": "2020-08-06T23:05:07.068"}}, {"model": "project.progress", "pk": 26, "fields": {"tasks": "\u4efb\u52a1\u5355\u53f726", "date": "2020-01-01", "executor": "\u6267\u884c\u4eba26", "hours": 8.0, "record": "\u5b8c\u6210\u63a5\u53e3\u6587\u6863\u7f16\u5199\u3002", "create_time": "2020-08-06T23:05:07.068"}}, {"model": "project.progress", "pk": 27, "fields": {"tasks": "\u4efb\u52a1\u5355\u53f727", "date": "2020-01-01", "executor": "\u6267\u884c\u4eba27", "hours": 8.0, "record": "\u5b8c\u6210\u63a5\u53e3\u6587\u6863\u7f16\u5199\u3002", "create_time": "2020-08-06T23:05:07.068"}}, {"model": "project.progress", "pk": 28, "fields": {"tasks": "\u4efb\u52a1\u5355\u53f728", "date": "2020-01-01", "executor": "\u6267\u884c\u4eba28", "hours": 8.0, "record": "\u5b8c\u6210\u63a5\u53e3\u6587\u6863\u7f16\u5199\u3002", "create_time": "2020-08-06T23:05:07.069"}}, {"model": "project.progress", "pk": 29, "fields": {"tasks": "\u4efb\u52a1\u5355\u53f729", "date": "2020-01-01", "executor": "\u6267\u884c\u4eba29", "hours": 8.0, "record": "\u5b8c\u6210\u63a5\u53e3\u6587\u6863\u7f16\u5199\u3002", "create_time": "2020-08-06T23:05:07.069"}}, {"model": "project.progress", "pk": 30, "fields": {"tasks": "\u4efb\u52a1\u5355\u53f730", "date": "2020-01-01", "executor": "\u6267\u884c\u4eba30", "hours": 8.0, "record": "\u5b8c\u6210\u63a5\u53e3\u6587\u6863\u7f16\u5199\u3002", "create_time": "2020-08-06T23:05:07.069"}}, {"model": "project.progress", "pk": 31, "fields": {"tasks": "\u4efb\u52a1\u5355\u53f731", "date": "2020-01-01", "executor": "\u6267\u884c\u4eba31", "hours": 8.0, "record": "\u5b8c\u6210\u63a5\u53e3\u6587\u6863\u7f16\u5199\u3002", "create_time": "2020-08-06T23:05:07.069"}}, {"model": "project.progress", "pk": 32, "fields": {"tasks": "\u4efb\u52a1\u5355\u53f732", "date": "2020-01-01", "executor": "\u6267\u884c\u4eba32", "hours": 8.0, "record": "\u5b8c\u6210\u63a5\u53e3\u6587\u6863\u7f16\u5199\u3002", "create_time": "2020-08-06T23:05:07.069"}}, {"model": "project.progress", "pk": 33, "fields": {"tasks": "\u4efb\u52a1\u5355\u53f733", "date": "2020-01-01", "executor": "\u6267\u884c\u4eba33", "hours": 8.0, "record": "\u5b8c\u6210\u63a5\u53e3\u6587\u6863\u7f16\u5199\u3002", "create_time": "2020-08-06T23:05:07.069"}}, {"model": "project.progress", "pk": 34, "fields": {"tasks": "\u4efb\u52a1\u5355\u53f734", "date": "2020-01-01", "executor": "\u6267\u884c\u4eba34", "hours": 8.0, "record": "\u5b8c\u6210\u63a5\u53e3\u6587\u6863\u7f16\u5199\u3002", "create_time": "2020-08-06T23:05:07.069"}}, {"model": "project.progress", "pk": 35, "fields": {"tasks": "\u4efb\u52a1\u5355\u53f735", "date": "2020-01-01", "executor": "\u6267\u884c\u4eba35", "hours": 8.0, "record": "\u5b8c\u6210\u63a5\u53e3\u6587\u6863\u7f16\u5199\u3002", "create_time": "2020-08-06T23:05:07.069"}}, {"model": "project.progress", "pk": 36, "fields": {"tasks": "\u4efb\u52a1\u5355\u53f736", "date": "2020-01-01", "executor": "\u6267\u884c\u4eba36", "hours": 8.0, "record": "\u5b8c\u6210\u63a5\u53e3\u6587\u6863\u7f16\u5199\u3002", "create_time": "2020-08-06T23:05:07.069"}}, {"model": "project.progress", "pk": 37, "fields": {"tasks": "\u4efb\u52a1\u5355\u53f737", "date": "2020-01-01", "executor": "\u6267\u884c\u4eba37", "hours": 8.0, "record": "\u5b8c\u6210\u63a5\u53e3\u6587\u6863\u7f16\u5199\u3002", "create_time": "2020-08-06T23:05:07.069"}}, {"model": "project.progress", "pk": 38, "fields": {"tasks": "\u4efb\u52a1\u5355\u53f738", "date": "2020-01-01", "executor": "\u6267\u884c\u4eba38", "hours": 8.0, "record": "\u5b8c\u6210\u63a5\u53e3\u6587\u6863\u7f16\u5199\u3002", "create_time": "2020-08-06T23:05:07.069"}}, {"model": "project.progress", "pk": 39, "fields": {"tasks": "\u4efb\u52a1\u5355\u53f739", "date": "2020-01-01", "executor": "\u6267\u884c\u4eba39", "hours": 8.0, "record": "\u5b8c\u6210\u63a5\u53e3\u6587\u6863\u7f16\u5199\u3002", "create_time": "2020-08-06T23:05:07.069"}}, {"model": "project.progress", "pk": 40, "fields": {"tasks": "\u4efb\u52a1\u5355\u53f740", "date": "2020-01-01", "executor": "\u6267\u884c\u4eba40", "hours": 8.0, "record": "\u5b8c\u6210\u63a5\u53e3\u6587\u6863\u7f16\u5199\u3002", "create_time": "2020-08-06T23:05:07.069"}}, {"model": "project.progress", "pk": 41, "fields": {"tasks": "\u4efb\u52a1\u5355\u53f741", "date": "2020-01-01", "executor": "\u6267\u884c\u4eba41", "hours": 8.0, "record": "\u5b8c\u6210\u63a5\u53e3\u6587\u6863\u7f16\u5199\u3002", "create_time": "2020-08-06T23:05:07.069"}}, {"model": "project.progress", "pk": 42, "fields": {"tasks": "\u4efb\u52a1\u5355\u53f742", "date": "2020-01-01", "executor": "\u6267\u884c\u4eba42", "hours": 8.0, "record": "\u5b8c\u6210\u63a5\u53e3\u6587\u6863\u7f16\u5199\u3002", "create_time": "2020-08-06T23:05:07.069"}}, {"model": "project.progress", "pk": 43, "fields": {"tasks": "\u4efb\u52a1\u5355\u53f743", "date": "2020-01-01", "executor": "\u6267\u884c\u4eba43", "hours": 8.0, "record": "\u5b8c\u6210\u63a5\u53e3\u6587\u6863\u7f16\u5199\u3002", "create_time": "2020-08-06T23:05:07.069"}}, {"model": "project.progress", "pk": 44, "fields": {"tasks": "\u4efb\u52a1\u5355\u53f744", "date": "2020-01-01", "executor": "\u6267\u884c\u4eba44", "hours": 8.0, "record": "\u5b8c\u6210\u63a5\u53e3\u6587\u6863\u7f16\u5199\u3002", "create_time": "2020-08-06T23:05:07.069"}}, {"model": "project.progress", "pk": 45, "fields": {"tasks": "\u4efb\u52a1\u5355\u53f745", "date": "2020-01-01", "executor": "\u6267\u884c\u4eba45", "hours": 8.0, "record": "\u5b8c\u6210\u63a5\u53e3\u6587\u6863\u7f16\u5199\u3002", "create_time": "2020-08-06T23:05:07.069"}}, {"model": "project.progress", "pk": 46, "fields": {"tasks": "\u4efb\u52a1\u5355\u53f746", "date": "2020-01-01", "executor": "\u6267\u884c\u4eba46", "hours": 8.0, "record": "\u5b8c\u6210\u63a5\u53e3\u6587\u6863\u7f16\u5199\u3002", "create_time": "2020-08-06T23:05:07.069"}}, {"model": "project.progress", "pk": 47, "fields": {"tasks": "\u4efb\u52a1\u5355\u53f747", "date": "2020-01-01", "executor": "\u6267\u884c\u4eba47", "hours": 8.0, "record": "\u5b8c\u6210\u63a5\u53e3\u6587\u6863\u7f16\u5199\u3002", "create_time": "2020-08-06T23:05:07.069"}}, {"model": "project.progress", "pk": 48, "fields": {"tasks": "\u4efb\u52a1\u5355\u53f748", "date": "2020-01-01", "executor": "\u6267\u884c\u4eba48", "hours": 8.0, "record": "\u5b8c\u6210\u63a5\u53e3\u6587\u6863\u7f16\u5199\u3002", "create_time": "2020-08-06T23:05:07.069"}}, {"model": "project.progress", "pk": 49, "fields": {"tasks": "\u4efb\u52a1\u5355\u53f749", "date": "2020-01-01", "executor": "\u6267\u884c\u4eba49", "hours": 8.0, "record": "\u5b8c\u6210\u63a5\u53e3\u6587\u6863\u7f16\u5199\u3002", "create_time": "2020-08-06T23:05:07.069"}}, {"model": "project.progress", "pk": 50, "fields": {"tasks": "\u4efb\u52a1\u5355\u53f750", "date": "2020-01-01", "executor": "\u6267\u884c\u4eba50", "hours": 8.0, "record": "\u5b8c\u6210\u63a5\u53e3\u6587\u6863\u7f16\u5199\u3002", "create_time": "2020-08-06T23:05:07.069"}}, {"model": "project.progress", "pk": 51, "fields": {"tasks": "\u4efb\u52a1\u5355\u53f751", "date": "2020-01-01", "executor": "\u6267\u884c\u4eba51", "hours": 8.0, "record": "\u5b8c\u6210\u63a5\u53e3\u6587\u6863\u7f16\u5199\u3002", "create_time": "2020-08-06T23:05:07.069"}}, {"model": "project.progress", "pk": 52, "fields": {"tasks": "\u4efb\u52a1\u5355\u53f752", "date": "2020-01-01", "executor": "\u6267\u884c\u4eba52", "hours": 8.0, "record": "\u5b8c\u6210\u63a5\u53e3\u6587\u6863\u7f16\u5199\u3002", "create_time": "2020-08-06T23:05:07.069"}}, {"model": "project.progress", "pk": 53, "fields": {"tasks": "\u4efb\u52a1\u5355\u53f753", "date": "2020-01-01", "executor": "\u6267\u884c\u4eba53", "hours": 8.0, "record": "\u5b8c\u6210\u63a5\u53e3\u6587\u6863\u7f16\u5199\u3002", "create_time": "2020-08-06T23:05:07.069"}}, {"model": "project.progress", "pk": 54, "fields": {"tasks": "\u4efb\u52a1\u5355\u53f754", "date": "2020-01-01", "executor": "\u6267\u884c\u4eba54", "hours": 8.0, "record": "\u5b8c\u6210\u63a5\u53e3\u6587\u6863\u7f16\u5199\u3002", "create_time": "2020-08-06T23:05:07.069"}}, {"model": "project.progress", "pk": 55, "fields": {"tasks": "\u4efb\u52a1\u5355\u53f755", "date": "2020-01-01", "executor": "\u6267\u884c\u4eba55", "hours": 8.0, "record": "\u5b8c\u6210\u63a5\u53e3\u6587\u6863\u7f16\u5199\u3002", "create_time": "2020-08-06T23:05:07.069"}}, {"model": "project.progress", "pk": 56, "fields": {"tasks": "\u4efb\u52a1\u5355\u53f756", "date": "2020-01-01", "executor": "\u6267\u884c\u4eba56", "hours": 8.0, "record": "\u5b8c\u6210\u63a5\u53e3\u6587\u6863\u7f16\u5199\u3002", "create_time": "2020-08-06T23:05:07.069"}}, {"model": "project.progress", "pk": 57, "fields": {"tasks": "\u4efb\u52a1\u5355\u53f757", "date": "2020-01-01", "executor": "\u6267\u884c\u4eba57", "hours": 8.0, "record": "\u5b8c\u6210\u63a5\u53e3\u6587\u6863\u7f16\u5199\u3002", "create_time": "2020-08-06T23:05:07.069"}}, {"model": "project.progress", "pk": 58, "fields": {"tasks": "\u4efb\u52a1\u5355\u53f758", "date": "2020-01-01", "executor": "\u6267\u884c\u4eba58", "hours": 8.0, "record": "\u5b8c\u6210\u63a5\u53e3\u6587\u6863\u7f16\u5199\u3002", "create_time": "2020-08-06T23:05:07.069"}}, {"model": "project.progress", "pk": 59, "fields": {"tasks": "\u4efb\u52a1\u5355\u53f759", "date": "2020-01-01", "executor": "\u6267\u884c\u4eba59", "hours": 8.0, "record": "\u5b8c\u6210\u63a5\u53e3\u6587\u6863\u7f16\u5199\u3002", "create_time": "2020-08-06T23:05:07.069"}}, {"model": "project.progress", "pk": 60, "fields": {"tasks": "\u4efb\u52a1\u5355\u53f760", "date": "2020-01-01", "executor": "\u6267\u884c\u4eba60", "hours": 8.0, "record": "\u5b8c\u6210\u63a5\u53e3\u6587\u6863\u7f16\u5199\u3002", "create_time": "2020-08-06T23:05:07.069"}}, {"model": "project.progress", "pk": 61, "fields": {"tasks": "\u4efb\u52a1\u5355\u53f761", "date": "2020-01-01", "executor": "\u6267\u884c\u4eba61", "hours": 8.0, "record": "\u5b8c\u6210\u63a5\u53e3\u6587\u6863\u7f16\u5199\u3002", "create_time": "2020-08-06T23:05:07.069"}}, {"model": "project.progress", "pk": 62, "fields": {"tasks": "\u4efb\u52a1\u5355\u53f762", "date": "2020-01-01", "executor": "\u6267\u884c\u4eba62", "hours": 8.0, "record": "\u5b8c\u6210\u63a5\u53e3\u6587\u6863\u7f16\u5199\u3002", "create_time": "2020-08-06T23:05:07.069"}}, {"model": "project.progress", "pk": 63, "fields": {"tasks": "\u4efb\u52a1\u5355\u53f763", "date": "2020-01-01", "executor": "\u6267\u884c\u4eba63", "hours": 8.0, "record": "\u5b8c\u6210\u63a5\u53e3\u6587\u6863\u7f16\u5199\u3002", "create_time": "2020-08-06T23:05:07.069"}}, {"model": "project.progress", "pk": 64, "fields": {"tasks": "\u4efb\u52a1\u5355\u53f764", "date": "2020-01-01", "executor": "\u6267\u884c\u4eba64", "hours": 8.0, "record": "\u5b8c\u6210\u63a5\u53e3\u6587\u6863\u7f16\u5199\u3002", "create_time": "2020-08-06T23:05:07.070"}}, {"model": "project.progress", "pk": 65, "fields": {"tasks": "\u4efb\u52a1\u5355\u53f765", "date": "2020-01-01", "executor": "\u6267\u884c\u4eba65", "hours": 8.0, "record": "\u5b8c\u6210\u63a5\u53e3\u6587\u6863\u7f16\u5199\u3002", "create_time": "2020-08-06T23:05:07.070"}}, {"model": "project.progress", "pk": 66, "fields": {"tasks": "\u4efb\u52a1\u5355\u53f766", "date": "2020-01-01", "executor": "\u6267\u884c\u4eba66", "hours": 8.0, "record": "\u5b8c\u6210\u63a5\u53e3\u6587\u6863\u7f16\u5199\u3002", "create_time": "2020-08-06T23:05:07.070"}}, {"model": "project.progress", "pk": 67, "fields": {"tasks": "\u4efb\u52a1\u5355\u53f767", "date": "2020-01-01", "executor": "\u6267\u884c\u4eba67", "hours": 8.0, "record": "\u5b8c\u6210\u63a5\u53e3\u6587\u6863\u7f16\u5199\u3002", "create_time": "2020-08-06T23:05:07.070"}}, {"model": "project.progress", "pk": 68, "fields": {"tasks": "\u4efb\u52a1\u5355\u53f768", "date": "2020-01-01", "executor": "\u6267\u884c\u4eba68", "hours": 8.0, "record": "\u5b8c\u6210\u63a5\u53e3\u6587\u6863\u7f16\u5199\u3002", "create_time": "2020-08-06T23:05:07.070"}}, {"model": "project.progress", "pk": 69, "fields": {"tasks": "\u4efb\u52a1\u5355\u53f769", "date": "2020-01-01", "executor": "\u6267\u884c\u4eba69", "hours": 8.0, "record": "\u5b8c\u6210\u63a5\u53e3\u6587\u6863\u7f16\u5199\u3002", "create_time": "2020-08-06T23:05:07.070"}}, {"model": "project.progress", "pk": 70, "fields": {"tasks": "\u4efb\u52a1\u5355\u53f770", "date": "2020-01-01", "executor": "\u6267\u884c\u4eba70", "hours": 8.0, "record": "\u5b8c\u6210\u63a5\u53e3\u6587\u6863\u7f16\u5199\u3002", "create_time": "2020-08-06T23:05:07.070"}}, {"model": "project.progress", "pk": 71, "fields": {"tasks": "\u4efb\u52a1\u5355\u53f771", "date": "2020-01-01", "executor": "\u6267\u884c\u4eba71", "hours": 8.0, "record": "\u5b8c\u6210\u63a5\u53e3\u6587\u6863\u7f16\u5199\u3002", "create_time": "2020-08-06T23:05:07.070"}}, {"model": "project.progress", "pk": 72, "fields": {"tasks": "\u4efb\u52a1\u5355\u53f772", "date": "2020-01-01", "executor": "\u6267\u884c\u4eba72", "hours": 8.0, "record": "\u5b8c\u6210\u63a5\u53e3\u6587\u6863\u7f16\u5199\u3002", "create_time": "2020-08-06T23:05:07.070"}}, {"model": "project.progress", "pk": 73, "fields": {"tasks": "\u4efb\u52a1\u5355\u53f773", "date": "2020-01-01", "executor": "\u6267\u884c\u4eba73", "hours": 8.0, "record": "\u5b8c\u6210\u63a5\u53e3\u6587\u6863\u7f16\u5199\u3002", "create_time": "2020-08-06T23:05:07.070"}}, {"model": "project.progress", "pk": 74, "fields": {"tasks": "\u4efb\u52a1\u5355\u53f774", "date": "2020-01-01", "executor": "\u6267\u884c\u4eba74", "hours": 8.0, "record": "\u5b8c\u6210\u63a5\u53e3\u6587\u6863\u7f16\u5199\u3002", "create_time": "2020-08-06T23:05:07.070"}}, {"model": "project.progress", "pk": 75, "fields": {"tasks": "\u4efb\u52a1\u5355\u53f775", "date": "2020-01-01", "executor": "\u6267\u884c\u4eba75", "hours": 8.0, "record": "\u5b8c\u6210\u63a5\u53e3\u6587\u6863\u7f16\u5199\u3002", "create_time": "2020-08-06T23:05:07.070"}}, {"model": "project.progress", "pk": 76, "fields": {"tasks": "\u4efb\u52a1\u5355\u53f776", "date": "2020-01-01", "executor": "\u6267\u884c\u4eba76", "hours": 8.0, "record": "\u5b8c\u6210\u63a5\u53e3\u6587\u6863\u7f16\u5199\u3002", "create_time": "2020-08-06T23:05:07.070"}}, {"model": "project.progress", "pk": 77, "fields": {"tasks": "\u4efb\u52a1\u5355\u53f777", "date": "2020-01-01", "executor": "\u6267\u884c\u4eba77", "hours": 8.0, "record": "\u5b8c\u6210\u63a5\u53e3\u6587\u6863\u7f16\u5199\u3002", "create_time": "2020-08-06T23:05:07.070"}}, {"model": "project.progress", "pk": 78, "fields": {"tasks": "\u4efb\u52a1\u5355\u53f778", "date": "2020-01-01", "executor": "\u6267\u884c\u4eba78", "hours": 8.0, "record": "\u5b8c\u6210\u63a5\u53e3\u6587\u6863\u7f16\u5199\u3002", "create_time": "2020-08-06T23:05:07.070"}}, {"model": "project.progress", "pk": 79, "fields": {"tasks": "\u4efb\u52a1\u5355\u53f779", "date": "2020-01-01", "executor": "\u6267\u884c\u4eba79", "hours": 8.0, "record": "\u5b8c\u6210\u63a5\u53e3\u6587\u6863\u7f16\u5199\u3002", "create_time": "2020-08-06T23:05:07.070"}}, {"model": "project.progress", "pk": 80, "fields": {"tasks": "\u4efb\u52a1\u5355\u53f780", "date": "2020-01-01", "executor": "\u6267\u884c\u4eba8", "hours": 8.0, "record": "\u5b8c\u6210\u63a5\u53e3\u6587\u6863\u7f16\u5199\u3002", "create_time": "2020-08-06T23:05:07.070"}}, {"model": "project.progress", "pk": 81, "fields": {"tasks": "\u4efb\u52a1\u5355\u53f781", "date": "2020-01-01", "executor": "\u6267\u884c\u4eba81", "hours": 8.0, "record": "\u5b8c\u6210\u63a5\u53e3\u6587\u6863\u7f16\u5199\u3002", "create_time": "2020-08-06T23:05:07.070"}}, {"model": "project.progress", "pk": 82, "fields": {"tasks": "\u4efb\u52a1\u5355\u53f782", "date": "2020-01-01", "executor": "\u6267\u884c\u4eba82", "hours": 8.0, "record": "\u5b8c\u6210\u63a5\u53e3\u6587\u6863\u7f16\u5199\u3002", "create_time": "2020-08-06T23:05:07.070"}}, {"model": "project.progress", "pk": 83, "fields": {"tasks": "\u4efb\u52a1\u5355\u53f783", "date": "2020-01-01", "executor": "\u6267\u884c\u4eba83", "hours": 8.0, "record": "\u5b8c\u6210\u63a5\u53e3\u6587\u6863\u7f16\u5199\u3002", "create_time": "2020-08-06T23:05:07.070"}}, {"model": "project.progress", "pk": 84, "fields": {"tasks": "\u4efb\u52a1\u5355\u53f784", "date": "2020-01-01", "executor": "\u6267\u884c\u4eba84", "hours": 8.0, "record": "\u5b8c\u6210\u63a5\u53e3\u6587\u6863\u7f16\u5199\u3002", "create_time": "2020-08-06T23:05:07.070"}}, {"model": "project.progress", "pk": 85, "fields": {"tasks": "\u4efb\u52a1\u5355\u53f785", "date": "2020-01-01", "executor": "\u6267\u884c\u4eba85", "hours": 8.0, "record": "\u5b8c\u6210\u63a5\u53e3\u6587\u6863\u7f16\u5199\u3002", "create_time": "2020-08-06T23:05:07.070"}}, {"model": "project.progress", "pk": 86, "fields": {"tasks": "\u4efb\u52a1\u5355\u53f786", "date": "2020-01-01", "executor": "\u6267\u884c\u4eba86", "hours": 8.0, "record": "\u5b8c\u6210\u63a5\u53e3\u6587\u6863\u7f16\u5199\u3002", "create_time": "2020-08-06T23:05:07.070"}}, {"model": "project.progress", "pk": 87, "fields": {"tasks": "\u4efb\u52a1\u5355\u53f787", "date": "2020-01-01", "executor": "\u6267\u884c\u4eba87", "hours": 8.0, "record": "\u5b8c\u6210\u63a5\u53e3\u6587\u6863\u7f16\u5199\u3002", "create_time": "2020-08-06T23:05:07.070"}}, {"model": "project.progress", "pk": 88, "fields": {"tasks": "\u4efb\u52a1\u5355\u53f788", "date": "2020-01-01", "executor": "\u6267\u884c\u4eba88", "hours": 8.0, "record": "\u5b8c\u6210\u63a5\u53e3\u6587\u6863\u7f16\u5199\u3002", "create_time": "2020-08-06T23:05:07.070"}}, {"model": "project.progress", "pk": 89, "fields": {"tasks": "\u4efb\u52a1\u5355\u53f789", "date": "2020-01-01", "executor": "\u6267\u884c\u4eba89", "hours": 8.0, "record": "\u5b8c\u6210\u63a5\u53e3\u6587\u6863\u7f16\u5199\u3002", "create_time": "2020-08-06T23:05:07.070"}}, {"model": "project.progress", "pk": 90, "fields": {"tasks": "\u4efb\u52a1\u5355\u53f790", "date": "2020-01-01", "executor": "\u6267\u884c\u4eba90", "hours": 8.0, "record": "\u5b8c\u6210\u63a5\u53e3\u6587\u6863\u7f16\u5199\u3002", "create_time": "2020-08-06T23:05:07.070"}}, {"model": "project.progress", "pk": 91, "fields": {"tasks": "\u4efb\u52a1\u5355\u53f791", "date": "2020-01-01", "executor": "\u6267\u884c\u4eba91", "hours": 8.0, "record": "\u5b8c\u6210\u63a5\u53e3\u6587\u6863\u7f16\u5199\u3002", "create_time": "2020-08-06T23:05:07.070"}}, {"model": "project.progress", "pk": 92, "fields": {"tasks": "\u4efb\u52a1\u5355\u53f792", "date": "2020-01-01", "executor": "\u6267\u884c\u4eba92", "hours": 8.0, "record": "\u5b8c\u6210\u63a5\u53e3\u6587\u6863\u7f16\u5199\u3002", "create_time": "2020-08-06T23:05:07.070"}}, {"model": "project.progress", "pk": 93, "fields": {"tasks": "\u4efb\u52a1\u5355\u53f793", "date": "2020-01-01", "executor": "\u6267\u884c\u4eba93", "hours": 8.0, "record": "\u5b8c\u6210\u63a5\u53e3\u6587\u6863\u7f16\u5199\u3002", "create_time": "2020-08-06T23:05:07.070"}}, {"model": "project.progress", "pk": 94, "fields": {"tasks": "\u4efb\u52a1\u5355\u53f794", "date": "2020-01-01", "executor": "\u6267\u884c\u4eba94", "hours": 8.0, "record": "\u5b8c\u6210\u63a5\u53e3\u6587\u6863\u7f16\u5199\u3002", "create_time": "2020-08-06T23:05:07.070"}}, {"model": "project.progress", "pk": 95, "fields": {"tasks": "\u4efb\u52a1\u5355\u53f795", "date": "2020-01-01", "executor": "\u6267\u884c\u4eba95", "hours": 8.0, "record": "\u5b8c\u6210\u63a5\u53e3\u6587\u6863\u7f16\u5199\u3002", "create_time": "2020-08-06T23:05:07.070"}}, {"model": "project.progress", "pk": 96, "fields": {"tasks": "\u4efb\u52a1\u5355\u53f796", "date": "2020-01-01", "executor": "\u6267\u884c\u4eba96", "hours": 8.0, "record": "\u5b8c\u6210\u63a5\u53e3\u6587\u6863\u7f16\u5199\u3002", "create_time": "2020-08-06T23:05:07.071"}}, {"model": "project.progress", "pk": 97, "fields": {"tasks": "\u4efb\u52a1\u5355\u53f797", "date": "2020-01-01", "executor": "\u6267\u884c\u4eba97", "hours": 8.0, "record": "\u5b8c\u6210\u63a5\u53e3\u6587\u6863\u7f16\u5199\u3002", "create_time": "2020-08-06T23:05:07.071"}}, {"model": "project.progress", "pk": 98, "fields": {"tasks": "\u4efb\u52a1\u5355\u53f798", "date": "2020-01-01", "executor": "\u6267\u884c\u4eba98", "hours": 8.0, "record": "\u5b8c\u6210\u63a5\u53e3\u6587\u6863\u7f16\u5199\u3002", "create_time": "2020-08-06T23:05:07.071"}}, {"model": "project.progress", "pk": 99, "fields": {"tasks": "\u4efb\u52a1\u5355\u53f799", "date": "2020-01-01", "executor": "\u6267\u884c\u4eba99", "hours": 8.0, "record": "\u5b8c\u6210\u63a5\u53e3\u6587\u6863\u7f16\u5199\u3002", "create_time": "2020-08-06T23:05:07.071"}}, {"model": "project.progress", "pk": 100, "fields": {"tasks": "\u4efb\u52a1\u5355\u53f7100", "date": "2020-01-01", "executor": "\u6267\u884c\u4eba100", "hours": 8.0, "record": "\u5b8c\u6210\u63a5\u53e3\u6587\u6863\u7f16\u5199\u3002", "create_time": "2020-08-06T23:05:07.071"}}, {"model": "project.progress", "pk": 101, "fields": {"tasks": "\u4efb\u52a1\u5355\u53f798", "date": "2020-08-07", "executor": "\u8d85\u7ea7\u7ba1\u7406\u5458", "hours": 8.0, "record": "\u4eca\u5929\u5b8c\u6210\u7cfb\u7edf\u538b\u529b\u6d4b\u8bd5\uff0c\u4fee\u6539bug\u3002", "create_time": "2020-08-10T21:17:27.095"}}, {"model": "auth.permission", "pk": 1, "fields": {"name": "Can add log entry", "content_type": 1, "codename": "add_logentry"}}, {"model": "auth.permission", "pk": 2, "fields": {"name": "Can change log entry", "content_type": 1, "codename": "change_logentry"}}, {"model": "auth.permission", "pk": 3, "fields": {"name": "Can delete log entry", "content_type": 1, "codename": "delete_logentry"}}, {"model": "auth.permission", "pk": 4, "fields": {"name": "Can view log entry", "content_type": 1, "codename": "view_logentry"}}, {"model": "auth.permission", "pk": 5, "fields": {"name": "Can add permission", "content_type": 2, "codename": "add_permission"}}, {"model": "auth.permission", "pk": 6, "fields": {"name": "Can change permission", "content_type": 2, "codename": "change_permission"}}, {"model": "auth.permission", "pk": 7, "fields": {"name": "Can delete permission", "content_type": 2, "codename": "delete_permission"}}, {"model": "auth.permission", "pk": 8, "fields": {"name": "Can view permission", "content_type": 2, "codename": "view_permission"}}, {"model": "auth.permission", "pk": 9, "fields": {"name": "Can add group", "content_type": 3, "codename": "add_group"}}, {"model": "auth.permission", "pk": 10, "fields": {"name": "Can change group", "content_type": 3, "codename": "change_group"}}, {"model": "auth.permission", "pk": 11, "fields": {"name": "Can delete group", "content_type": 3, "codename": "delete_group"}}, {"model": "auth.permission", "pk": 12, "fields": {"name": "Can view group", "content_type": 3, "codename": "view_group"}}, {"model": "auth.permission", "pk": 13, "fields": {"name": "Can add content type", "content_type": 4, "codename": "add_contenttype"}}, {"model": "auth.permission", "pk": 14, "fields": {"name": "Can change content type", "content_type": 4, "codename": "change_contenttype"}}, {"model": "auth.permission", "pk": 15, "fields": {"name": "Can delete content type", "content_type": 4, "codename": "delete_contenttype"}}, {"model": "auth.permission", "pk": 16, "fields": {"name": "Can view content type", "content_type": 4, "codename": "view_contenttype"}}, {"model": "auth.permission", "pk": 17, "fields": {"name": "Can add session", "content_type": 5, "codename": "add_session"}}, {"model": "auth.permission", "pk": 18, "fields": {"name": "Can change session", "content_type": 5, "codename": "change_session"}}, {"model": "auth.permission", "pk": 19, "fields": {"name": "Can delete session", "content_type": 5, "codename": "delete_session"}}, {"model": "auth.permission", "pk": 20, "fields": {"name": "Can view session", "content_type": 5, "codename": "view_session"}}, {"model": "auth.permission", "pk": 21, "fields": {"name": "Can add \u4ea7\u54c1", "content_type": 6, "codename": "add_product"}}, {"model": "auth.permission", "pk": 22, "fields": {"name": "Can change \u4ea7\u54c1", "content_type": 6, "codename": "change_product"}}, {"model": "auth.permission", "pk": 23, "fields": {"name": "Can delete \u4ea7\u54c1", "content_type": 6, "codename": "delete_product"}}, {"model": "auth.permission", "pk": 24, "fields": {"name": "Can view \u4ea7\u54c1", "content_type": 6, "codename": "view_product"}}, {"model": "auth.permission", "pk": 25, "fields": {"name": "Can add \u9879\u76ee", "content_type": 7, "codename": "add_project"}}, {"model": "auth.permission", "pk": 26, "fields": {"name": "Can change \u9879\u76ee", "content_type": 7, "codename": "change_project"}}, {"model": "auth.permission", "pk": 27, "fields": {"name": "Can delete \u9879\u76ee", "content_type": 7, "codename": "delete_project"}}, {"model": "auth.permission", "pk": 28, "fields": {"name": "Can view \u9879\u76ee", "content_type": 7, "codename": "view_project"}}, {"model": "auth.permission", "pk": 29, "fields": {"name": "Can add \u4efb\u52a1", "content_type": 8, "codename": "add_task"}}, {"model": "auth.permission", "pk": 30, "fields": {"name": "Can change \u4efb\u52a1", "content_type": 8, "codename": "change_task"}}, {"model": "auth.permission", "pk": 31, "fields": {"name": "Can delete \u4efb\u52a1", "content_type": 8, "codename": "delete_task"}}, {"model": "auth.permission", "pk": 32, "fields": {"name": "Can view \u4efb\u52a1", "content_type": 8, "codename": "view_task"}}, {"model": "auth.permission", "pk": 33, "fields": {"name": "Can add \u7248\u672c", "content_type": 9, "codename": "add_vision"}}, {"model": "auth.permission", "pk": 34, "fields": {"name": "Can change \u7248\u672c", "content_type": 9, "codename": "change_vision"}}, {"model": "auth.permission", "pk": 35, "fields": {"name": "Can delete \u7248\u672c", "content_type": 9, "codename": "delete_vision"}}, {"model": "auth.permission", "pk": 36, "fields": {"name": "Can view \u7248\u672c", "content_type": 9, "codename": "view_vision"}}, {"model": "auth.permission", "pk": 37, "fields": {"name": "Can add \u8fdb\u5ea6", "content_type": 10, "codename": "add_progress"}}, {"model": "auth.permission", "pk": 38, "fields": {"name": "Can change \u8fdb\u5ea6", "content_type": 10, "codename": "change_progress"}}, {"model": "auth.permission", "pk": 39, "fields": {"name": "Can delete \u8fdb\u5ea6", "content_type": 10, "codename": "delete_progress"}}, {"model": "auth.permission", "pk": 40, "fields": {"name": "Can view \u8fdb\u5ea6", "content_type": 10, "codename": "view_progress"}}, {"model": "auth.permission", "pk": 41, "fields": {"name": "Can add \u4e8b\u4e1a\u90e8", "content_type": 11, "codename": "add_department"}}, {"model": "auth.permission", "pk": 42, "fields": {"name": "Can change \u4e8b\u4e1a\u90e8", "content_type": 11, "codename": "change_department"}}, {"model": "auth.permission", "pk": 43, "fields": {"name": "Can delete \u4e8b\u4e1a\u90e8", "content_type": 11, "codename": "delete_department"}}, {"model": "auth.permission", "pk": 44, "fields": {"name": "Can view \u4e8b\u4e1a\u90e8", "content_type": 11, "codename": "view_department"}}, {"model": "auth.permission", "pk": 45, "fields": {"name": "Can add \u7528\u6237", "content_type": 12, "codename": "add_user"}}, {"model": "auth.permission", "pk": 46, "fields": {"name": "Can change \u7528\u6237", "content_type": 12, "codename": "change_user"}}, {"model": "auth.permission", "pk": 47, "fields": {"name": "Can delete \u7528\u6237", "content_type": 12, "codename": "delete_user"}}, {"model": "auth.permission", "pk": 48, "fields": {"name": "Can view \u7528\u6237", "content_type": 12, "codename": "view_user"}}, {"model": "auth.permission", "pk": 49, "fields": {"name": "Can add \u7248\u672c", "content_type": 13, "codename": "add_version"}}, {"model": "auth.permission", "pk": 50, "fields": {"name": "Can change \u7248\u672c", "content_type": 13, "codename": "change_version"}}, {"model": "auth.permission", "pk": 51, "fields": {"name": "Can delete \u7248\u672c", "content_type": 13, "codename": "delete_version"}}, {"model": "auth.permission", "pk": 52, "fields": {"name": "Can view \u7248\u672c", "content_type": 13, "codename": "view_version"}}, {"model": "auth.group", "pk": 1, "fields": {"name": "\u7ecf\u7406", "permissions": [45, 46, 47, 48, 41, 42, 43, 44, 21, 22, 23, 24, 37, 38, 39, 40, 25, 26, 27, 28, 29, 30, 31, 32, 33, 34, 35, 36]}}, {"model": "auth.group", "pk": 2, "fields": {"name": "\u4e3b\u7ba1", "permissions": [48, 41, 42, 43, 44, 21, 22, 23, 24, 37, 38, 39, 40, 25, 26, 27, 28, 29, 30, 31, 32, 33, 34, 35, 36]}}, {"model": "auth.group", "pk": 3, "fields": {"name": "\u804c\u5458", "permissions": [48, 44, 24, 37, 38, 39, 40, 28, 32, 33, 34, 35, 36]}}, {"model": "login.user", "pk": 1, "fields": {"password": "pbkdf2_sha256$180000$w2KgrE45grKU$PbT79ElpPVL0gXcFYT3NgoWbtk/WrRummAgX2f64NEo=", "last_login": "2020-08-29T23:44:44.670", "is_superuser": true, "username": "admin", "first_name": "\u8d85\u7ea7\u7ba1\u7406\u5458", "last_name": "", "email": "384253052@qq.com", "is_staff": true, "is_active": true, "date_joined": "2020-08-05T12:01:00", "area": "", "groups": [], "user_permissions": []}}, {"model": "login.user", "pk": 3, "fields": {"password": "pbkdf2_sha256$180000$p54ZKdZvZdKR$s6boXeNmDMJCDquhjjFZdRFhtQFFSokN1dAsnQaeZsA=", "last_login": null, "is_superuser": false, "username": "manage", "first_name": "\u674e\u56db", "last_name": "", "email": "123456@qq.com", "is_staff": false, "is_active": true, "date_joined": "2020-08-05T12:40:00", "area": "", "groups": [1], "user_permissions": []}}, {"model": "login.user", "pk": 4, "fields": {"password": "pbkdf2_sha256$180000$joJWErTqlzI1$NlSYUi3QpzGun1Ln2zQgxhUUzRTFRZuKJXspl82Yp60=", "last_login": null, "is_superuser": false, "username": "staff", "first_name": "\u5f20\u4e09", "last_name": "", "email": "123456@qq.com", "is_staff": false, "is_active": true, "date_joined": "2020-08-05T12:41:00", "area": "", "groups": [3], "user_permissions": []}}, {"model": "login.user", "pk": 5, "fields": {"password": "pbkdf2_sha256$180000$RRzboiVDTx4s$Vtg8Jvgw+/xwSKIe/+pKvDu5rIkK9HcajJQ0iBudfsg=", "last_login": null, "is_superuser": false, "username": "leader", "first_name": "X\u4e3b\u7ba1", "last_name": "", "email": "123456@qq.com", "is_staff": false, "is_active": true, "date_joined": "2020-08-05T12:41:00", "area": "", "groups": [2], "user_permissions": []}}, {"model": "admin.logentry", "pk": 1, "fields": {"action_time": "2020-08-05T12:02:47.523", "user": 1, "content_type": 3, "object_id": "1", "object_repr": "\u7ecf\u7406", "action_flag": 1, "change_message": "[{\"added\": {}}]"}}, {"model": "admin.logentry", "pk": 2, "fields": {"action_time": "2020-08-05T12:03:39.156", "user": 1, "content_type": 3, "object_id": "2", "object_repr": "\u4e3b\u7ba1", "action_flag": 1, "change_message": "[{\"added\": {}}]"}}, {"model": "admin.logentry", "pk": 3, "fields": {"action_time": "2020-08-05T12:03:52.037", "user": 1, "content_type": 3, "object_id": "1", "object_repr": "\u7ecf\u7406", "action_flag": 2, "change_message": "[{\"changed\": {\"fields\": [\"Permissions\"]}}]"}}, {"model": "admin.logentry", "pk": 4, "fields": {"action_time": "2020-08-05T12:05:18.754", "user": 1, "content_type": 3, "object_id": "3", "object_repr": "\u804c\u5458", "action_flag": 1, "change_message": "[{\"added\": {}}]"}}, {"model": "admin.logentry", "pk": 5, "fields": {"action_time": "2020-08-05T12:17:55.237", "user": 1, "content_type": 12, "object_id": "2", "object_repr": "manage", "action_flag": 1, "change_message": "[{\"added\": {}}]"}}, {"model": "admin.logentry", "pk": 6, "fields": {"action_time": "2020-08-05T12:40:23.181", "user": 1, "content_type": 12, "object_id": "2", "object_repr": "manage", "action_flag": 3, "change_message": ""}}, {"model": "admin.logentry", "pk": 7, "fields": {"action_time": "2020-08-05T12:40:54.344", "user": 1, "content_type": 12, "object_id": "3", "object_repr": "manage", "action_flag": 1, "change_message": "[{\"added\": {}}]"}}, {"model": "admin.logentry", "pk": 8, "fields": {"action_time": "2020-08-05T12:41:10.341", "user": 1, "content_type": 12, "object_id": "4", "object_repr": "staff", "action_flag": 1, "change_message": "[{\"added\": {}}]"}}, {"model": "admin.logentry", "pk": 9, "fields": {"action_time": "2020-08-05T12:41:26.078", "user": 1, "content_type": 12, "object_id": "5", "object_repr": "leader", "action_flag": 1, "change_message": "[{\"added\": {}}]"}}, {"model": "admin.logentry", "pk": 10, "fields": {"action_time": "2020-08-05T12:42:28.492", "user": 1, "content_type": 12, "object_id": "5", "object_repr": "leader", "action_flag": 2, "change_message": "[{\"changed\": {\"fields\": [\"First name\", \"Groups\"]}}]"}}, {"model": "admin.logentry", "pk": 11, "fields": {"action_time": "2020-08-05T12:43:21.988", "user": 1, "content_type": 12, "object_id": "5", "object_repr": "leader", "action_flag": 2, "change_message": "[{\"changed\": {\"fields\": [\"Email address\"]}}]"}}, {"model": "admin.logentry", "pk": 12, "fields": {"action_time": "2020-08-05T12:59:57.641", "user": 1, "content_type": 12, "object_id": "3", "object_repr": "manage", "action_flag": 2, "change_message": "[{\"changed\": {\"fields\": [\"Groups\"]}}]"}}, {"model": "admin.logentry", "pk": 13, "fields": {"action_time": "2020-08-05T13:00:22.185", "user": 1, "content_type": 12, "object_id": "4", "object_repr": "staff", "action_flag": 2, "change_message": "[{\"changed\": {\"fields\": [\"First name\", \"Email address\", \"Groups\"]}}]"}}, {"model": "admin.logentry", "pk": 14, "fields": {"action_time": "2020-08-05T13:00:52.724", "user": 1, "content_type": 12, "object_id": "1", "object_repr": "admin", "action_flag": 2, "change_message": "[{\"changed\": {\"fields\": [\"First name\", \"Last login\"]}}]"}}, {"model": "admin.logentry", "pk": 15, "fields": {"action_time": "2020-08-05T13:01:08.912", "user": 1, "content_type": 12, "object_id": "3", "object_repr": "manage", "action_flag": 2, "change_message": "[{\"changed\": {\"fields\": [\"First name\", \"Email address\"]}}]"}}]